"date","q05","q15","q35","q50","q65","q80","q95","phase","cutoff_date"
2022-10-27,0.284973390335727,0.288019122876478,0.290832247186169,0.290852789018188,0.292636400396452,0.294141865772834,0.306765241745865,"Fitted history",2022-12-25
2022-10-28,0.283041707879276,0.287870936341883,0.291422132844866,0.291910082690809,0.292895451327655,0.294374624756537,0.308265560198709,"Fitted history",2022-12-25
2022-10-29,0.281713064941048,0.288001229558426,0.291323049865898,0.292025109642365,0.293087977481261,0.294803645138955,0.309352963504271,"Fitted history",2022-12-25
2022-10-30,0.282210186334226,0.289134383706279,0.290567367084425,0.290874745065287,0.292693658871425,0.295211669654746,0.311411835765321,"Fitted history",2022-12-25
2022-10-31,0.283948727223991,0.291647949048651,0.292113381302693,0.292465367045165,0.294531109343202,0.297446375835614,0.315326332708918,"Fitted history",2022-12-25
2022-11-01,0.287424299853567,0.296634125972243,0.297906865387795,0.30625931495411,0.306498431378625,0.336755810482357,0.459964079646306,"Fitted history",2022-12-25
2022-11-02,0.397606642079488,0.448254611453513,0.508683995081505,0.585536891375463,0.655962530601122,0.837073559060036,1.45830535393917,"Fitted history",2022-12-25
2022-11-03,0.249844591619415,0.267053809552884,0.2851270670512,0.304273491145739,0.329994094755814,0.368158024641066,0.656397112116589,"Fitted history",2022-12-25
2022-11-04,0.278488469579093,0.295813850800733,0.313470103393705,0.323764029954483,0.336361828975559,0.343341738825125,0.438446913862129,"Fitted history",2022-12-25
2022-11-05,0.295329193422948,0.317571133291884,0.325270619694203,0.334595322402247,0.341077881242412,0.35820558040747,0.414471806148854,"Fitted history",2022-12-25
2022-11-06,0.302620419331719,0.325897050692398,0.336225497254997,0.35365823969772,0.363467466563873,0.392334051119908,0.532640265765324,"Fitted history",2022-12-25
2022-11-07,0.307842595814601,0.34319745925713,0.38044444424823,0.432386864455265,0.470290753869458,0.587354569139142,1.01788487241893,"Fitted history",2022-12-25
2022-11-08,0.395641542443886,0.564283230161876,0.821909101678488,1.0239580371061,1.3380027638515,1.71125904265087,2.6656962774906,"Fitted history",2022-12-25
2022-11-09,0.9180395964965,1.10458427282377,1.33028879937306,1.48775918686924,1.69242640359053,1.93356016475722,2.70043267920547,"Fitted history",2022-12-25
2022-11-10,0.371266869309412,0.431702293236402,0.493733686174202,0.504116334715703,0.554676702453673,0.606510445687768,0.799793999733778,"Fitted history",2022-12-25
2022-11-11,0.304188560071032,0.334706983307287,0.374845909458908,0.393841943757615,0.399476132535032,0.426352142136582,0.571429818047106,"Fitted history",2022-12-25
2022-11-12,0.280562500085099,0.327094249463285,0.345205145272369,0.35877646696944,0.365935476294185,0.386856382214085,0.468098417920303,"Fitted history",2022-12-25
2022-11-13,0.270767296687817,0.316466577157449,0.333271299741672,0.345194491857091,0.359437636641689,0.370848752322757,0.461355416773028,"Fitted history",2022-12-25
2022-11-14,0.286125134071107,0.316933980967736,0.329975271593337,0.340360071572628,0.350927569869063,0.363781358712638,0.454349696226699,"Fitted history",2022-12-25
2022-11-15,0.295838886838338,0.320848878155273,0.334087421300028,0.343973359115956,0.349500493454539,0.362932104196454,0.459210106016131,"Fitted history",2022-12-25
2022-11-16,0.31972240112146,0.328581761055556,0.337978788473876,0.347255985068686,0.351505793938168,0.358918476307165,0.44347197761828,"Fitted history",2022-12-25
2022-11-17,0.322246316838821,0.337053696062816,0.34305187357049,0.346239716714209,0.349450452944728,0.356056119545821,0.430404584769027,"Fitted history",2022-12-25
2022-11-18,0.328625584445607,0.341761590541915,0.345370471866727,0.346811541864529,0.349646401581085,0.359524813908497,0.44349937376965,"Fitted history",2022-12-25
2022-11-19,0.334204141904647,0.341939619814403,0.345275303657319,0.346761736587432,0.35024058636347,0.359494779441298,0.446996060491807,"Fitted history",2022-12-25
2022-11-20,0.326056448591399,0.341832851589441,0.344768301827423,0.345578882170086,0.349566042058836,0.356063270069347,0.431418225164454,"Fitted history",2022-12-25
2022-11-21,0.33261034666783,0.34066806667194,0.343377384170085,0.344313228560631,0.347734324489284,0.355921550488703,0.430627046772143,"Fitted history",2022-12-25
2022-11-22,0.333936486451284,0.340426577367263,0.343457009886814,0.344587877389852,0.348078418877339,0.356192888699293,0.433167720460366,"Fitted history",2022-12-25
2022-11-23,0.336577278602687,0.340663337454743,0.34359023144902,0.344927751067259,0.348253535330544,0.356158412714863,0.432679634491791,"Fitted history",2022-12-25
2022-11-24,0.340184700994332,0.341696588856293,0.345485723023107,0.346786681967306,0.350196304628308,0.358248116523831,0.434158397128698,"Fitted history",2022-12-25
2022-11-25,0.340638660431387,0.340638660431387,0.343778995267576,0.344410933942434,0.348104609359711,0.354245878088269,0.42171049087311,"Fitted history",2022-12-25
2022-11-26,0.336186078859967,0.336186078859967,0.338242388389525,0.33879921332315,0.342045664419194,0.34840729568657,0.410827143901346,"Fitted history",2022-12-25
2022-11-27,0.332078743358459,0.332078743358459,0.335958640945792,0.337368481471692,0.340465817701226,0.349891415370321,0.422298460741139,"Fitted history",2022-12-25
2022-11-28,0.332396080972866,0.332768498123083,0.337209709848311,0.339059617844122,0.343191938344399,0.353200100747346,0.434138285877952,"Fitted history",2022-12-25
2022-11-29,0.328241652535183,0.329858149850038,0.333908653993973,0.335845424291231,0.339969671707814,0.350727861174789,0.433430892540529,"Fitted history",2022-12-25
2022-11-30,0.325918959541698,0.328834017229912,0.332999784960655,0.334670614859366,0.339069266788515,0.347788863703004,0.425857735903394,"Fitted history",2022-12-25
2022-12-01,0.337862796195808,0.350547987758905,0.367943388977277,0.399985439471433,0.415025310718812,0.511805345831619,0.890208237308171,"Fitted history",2022-12-25
2022-12-02,1.19152570012336,1.42311458311446,1.70680062145253,1.93894410151192,2.28508378666593,2.65708365107129,3.75649050729592,"Fitted history",2022-12-25
2022-12-03,0.437874042118134,0.482046077938309,0.548433961214789,0.578152527123155,0.626602071054849,0.746350017493625,1.05332851660402,"Fitted history",2022-12-25
2022-12-04,0.922647948987956,1.10826792008203,1.41568807161048,1.62883555471181,1.94209878991046,2.29444434842603,3.32038482790743,"Fitted history",2022-12-25
2022-12-05,0.672085051682651,0.786987437435348,0.922118504129698,0.995747675697363,1.10813201348015,1.24319498055866,1.5721454530423,"Fitted history",2022-12-25
2022-12-06,0.647582433079816,0.771022938300356,0.936003725977029,1.0377465315573,1.17750814828897,1.36380508742939,1.92746883423531,"Fitted history",2022-12-25
2022-12-07,0.737801955195846,0.839606778902822,0.924257176925045,0.974117698681736,1.03639165361936,1.09918411226603,1.38994583938237,"Fitted history",2022-12-25
2022-12-08,0.61045467881616,0.678964668256297,0.715015525003698,0.731030994288141,0.752640723437946,0.788954214004866,0.933554297852183,"Fitted history",2022-12-25
2022-12-09,0.583921429332189,0.659356208671907,0.741965512063432,0.804455273497627,0.88208765873409,0.990881902551559,1.32563487125747,"Fitted history",2022-12-25
2022-12-10,0.641630489582107,0.725341240132026,0.832641641569063,0.918040389997451,1.02809871903028,1.17136689051393,1.60523424134685,"Fitted history",2022-12-25
2022-12-11,2.39185714585712,2.90476255461837,3.51237786995625,3.92223228523334,4.63322766621203,5.15835939816578,6.32174116634484,"Fitted history",2022-12-25
2022-12-12,1.58954856000404,1.81512712535213,2.11320662933628,2.26617348469082,2.52145972282824,2.86578671507173,3.28974719432003,"Fitted history",2022-12-25
2022-12-13,1.46773645338137,1.54907701862155,1.71239222588485,1.76428895581123,1.81594152342449,1.92075234934356,2.51187859478693,"Fitted history",2022-12-25
2022-12-14,1.25549710037826,1.33329026500374,1.39097253892805,1.41298500395053,1.45557877218167,1.51192234470924,1.77872257351832,"Fitted history",2022-12-25
2022-12-15,1.03771172417676,1.10020805452639,1.13013180513468,1.14184468728675,1.14599212617451,1.1927066689222,1.3204867401216,"Fitted history",2022-12-25
2022-12-16,0.892859298193992,0.939211666924941,0.969904617235216,0.985959178561696,1.01344520843283,1.03858524506224,1.17674765509602,"Fitted history",2022-12-25
2022-12-17,0.820491856680096,0.848527444428661,0.872463915143948,0.894752531680026,0.908079622834596,0.931176002644068,1.05023915988369,"Fitted history",2022-12-25
2022-12-18,0.753413240370078,0.782774978796186,0.811382350675881,0.835675145522934,0.835675145522934,0.852608596628919,0.981915692042512,"Fitted history",2022-12-25
2022-12-19,0.733684152288431,0.733684152288431,0.750770990001031,0.772870175048448,0.772870175048448,0.790424166174828,0.930063486700428,"Fitted history",2022-12-25
2022-12-20,0.68325749674108,0.697433180306827,0.708223066123661,0.718532045480306,0.719480255910817,0.738807763315032,0.886975238924699,"Fitted history",2022-12-25
2022-12-21,0.646441996205583,0.658740585278425,0.669240261959203,0.67576696426735,0.677562009386195,0.69353288059754,0.833068709750987,"Fitted history",2022-12-25
2022-12-22,0.607315755662165,0.626521361087261,0.637848987282253,0.644247482884021,0.646575495539698,0.661711288996063,0.793096942326944,"Fitted history",2022-12-25
2022-12-23,0.583243728788496,0.602832927442155,0.613756671077004,0.622186740139067,0.624556199658365,0.645495413595313,0.796932359298765,"Fitted history",2022-12-25
2022-12-24,0.563420599856639,0.582464821344479,0.593193001220839,0.601456180665007,0.605272124574256,0.623510830350571,0.776648031261678,"Fitted history",2022-12-25
2022-12-25,0.542786011688573,0.559157911210421,0.573447863957941,0.577147295013362,0.580920795143427,0.595492266376502,0.730352828274224,"Fitted history",2022-12-25
2022-12-26,0.528441205312744,0.532527421233148,0.532527421233148,0.532527421233148,0.532527421233148,0.532527421233148,0.532527421233148,"Forecast",2022-12-25
2022-12-27,0.705311917979813,0.921086916965785,1.27158455932175,1.53119419651784,1.98869646433768,2.48687410994614,3.65374982932945,"Forecast",2022-12-25
2022-12-28,0.241945312933073,0.40788343012589,0.680273956493076,0.832870320970268,1.03897690987014,1.30495508249626,1.97379016266456,"Forecast",2022-12-25
2022-12-29,0.508737585107099,0.630094656588438,0.85963249497435,0.996192424902426,1.18602760987558,1.38493183835306,2.09604252996996,"Forecast",2022-12-25
2022-12-30,0.912466980749044,1.28721981288049,1.60767592589668,1.84434894194509,2.31685593487322,2.6498867916831,3.38338034026666,"Forecast",2022-12-25
2022-12-31,0.857895817529781,1.29179446095314,1.78145608143687,2.06718020336797,2.47596310350252,2.9275794549562,3.7380947161728,"Forecast",2022-12-25
2023-01-01,0.761971830887453,1.14399680006172,1.7931591942357,2.14343517686995,2.62762635310415,3.06793406902056,3.91163081949637,"Forecast",2022-12-25
2023-01-02,0.313952845410697,0.558154568771432,1.01003895848744,1.16716281007902,1.28873286802855,1.53478748967881,2.47611489173055,"Forecast",2022-12-25
2023-01-03,1.07121523648406,1.44392625254653,1.90767193406956,2.15966864536099,2.47105116801923,2.74961511909609,3.6291927315116,"Forecast",2022-12-25
2023-01-04,1.22119947569562,1.62768053473143,2.02918605336749,2.19339794157996,2.47628144936962,2.69407831477502,3.00123057728117,"Forecast",2022-12-25
2023-01-05,1.42482002439123,1.83232240204187,2.32355699592883,2.58243471046435,2.96377352494202,3.42025660202859,4.28479355374357,"Forecast",2022-12-25
2023-01-06,1.19352528956798,1.73073621014441,2.23291336318783,2.47944086075078,2.8888043418137,3.42416349170865,4.04897875986826,"Forecast",2022-12-25
2023-01-07,0.864542911278561,1.23757102988596,1.56569714375338,1.74111066149683,1.86192288942978,2.19181885571979,2.65718877036943,"Forecast",2022-12-25
2023-01-08,1.30461101393534,1.80192631810412,2.24634139826374,2.57956129550187,2.99939700343048,3.35077082404872,4.29823674375585,"Forecast",2022-12-25
2023-01-09,1.11930736475471,1.63371568018535,2.12253319881996,2.41348447726675,2.86863057270118,3.16813653824193,3.78869735100372,"Forecast",2022-12-25
2023-01-10,0.850629920803684,1.39924996476731,1.85633333920262,2.17623899205509,2.50762412480294,2.79064569736132,3.50792320258977,"Forecast",2022-12-25
2023-01-11,0.845927119796104,1.4488839552239,1.83949168116688,2.0860819386026,2.30285693484164,2.50251282449182,3.00817594175004,"Forecast",2022-12-25
2023-01-12,0.997656184232338,1.66333190953547,2.15398821112103,2.37511780080383,2.6021796313955,2.95261595746442,3.63783399337813,"Forecast",2022-12-25
2023-01-13,0.836931825696849,1.44524238574824,1.80099679134827,1.98977111610266,2.08118972303917,2.32317575537256,2.8258235550607,"Forecast",2022-12-25
2023-01-14,1.29317575324134,1.70449462858516,2.18101079886828,2.46889994537584,2.78409291016761,3.14143789010401,4.05083724892587,"Forecast",2022-12-25
2023-01-15,1.02922384585888,1.47710587014743,2.02540589867053,2.32218800901444,2.78786129687756,3.2138787387255,4.13687805804964,"Forecast",2022-12-25
2023-01-16,0.645918012230444,1.0428946760034,1.67558278619249,1.9804040173821,2.37617307396925,2.81831935124516,3.89374127283449,"Forecast",2022-12-25
2023-01-17,0.401957370211239,0.74178675070213,1.1765230715125,1.40930292191393,1.64638278811863,2.01331278600092,2.6789150302724,"Forecast",2022-12-25
2023-01-18,0.705554772483705,1.06105469012698,1.44844253882385,1.67684275345443,1.8782209704126,2.22057627777419,2.85546046073739,"Forecast",2022-12-25
2023-01-19,0.86700838048354,1.2324368430419,1.62382728219975,1.89638186143981,2.16302141668371,2.54269902410545,3.48478728237767,"Forecast",2022-12-25
2023-01-20,0.83436596906562,1.23832944960061,1.51382596957747,1.71029393848295,1.94715264804351,2.05028964216074,2.35773339074917,"Forecast",2022-12-25
2023-01-21,1.11823381852967,1.27244305441896,1.55517909832419,1.78859896755986,2.04718285227932,2.26292807107535,2.75103824136662,"Forecast",2022-12-25
2023-01-22,1.08419074424568,1.21018837004431,1.57068477992637,1.79453452101457,2.02792840753308,2.25455852473374,2.83730668034687,"Forecast",2022-12-25
