"output_role","storage_class","promoted_path","source_path","run_id","diagnostic_run_id","config_path","article_git_sha","engine_repo_sha","engine_repo_sha_source","engine_repo_sha_field","source_sha256","promoted_sha256","file_size_bytes","promoted_at"
"score_summary_tex","article_table","/data/jaguir26/local/src/Article-Q-DESN---Version-2/local_trackers/worktrees/glofas_authoritative_promotion_20260811/tables/glofas_application_score_summary__glofas_fr09_authoritative_full7_20260811.tex","/data/jaguir26/local/src/Article-Q-DESN---Version-2/local_trackers/runtime_configs/glofas_fr09_authoritative_full7_20260811/generated/glofas_fr09_authoritative_full7_20260811_synthesis_contractfixed/glofas_application_score_summary.tex","glofas_fr09_authoritative_full7_20260811_synthesis_contractfixed","glofas_fr09_authoritative_full7_20260811_diagnostic_figures","/data/jaguir26/local/src/Article-Q-DESN---Version-2/local_trackers/runtime_configs/glofas_fr09_authoritative_full7_20260811/synthesis_config.yaml","8a31218e472a5d43938a281a74be2e8bd0ea685a","73c043f0436b508808366f312350fd44c2d06771","synthesis_config.dependencies.qdesn_engine_required_commit","dependencies.qdesn_engine_required_commit","5e374cd5fbd9868e2070d7d4bfee70898bd3acf025005127e3ad4fa9154ccdcc","5e374cd5fbd9868e2070d7d4bfee70898bd3acf025005127e3ad4fa9154ccdcc",288,"2026-08-11 01:52:43 EDT"
"score_summary_csv","article_table","/data/jaguir26/local/src/Article-Q-DESN---Version-2/local_trackers/worktrees/glofas_authoritative_promotion_20260811/tables/glofas_application_score_summary__glofas_fr09_authoritative_full7_20260811.csv","/data/jaguir26/local/src/Article-Q-DESN---Version-2/local_trackers/runtime_configs/glofas_fr09_authoritative_full7_20260811/runs/glofas_fr09_authoritative_full7_20260811_synthesis_contractfixed/tables/score_summary.csv","glofas_fr09_authoritative_full7_20260811_synthesis_contractfixed","glofas_fr09_authoritative_full7_20260811_diagnostic_figures","/data/jaguir26/local/src/Article-Q-DESN---Version-2/local_trackers/runtime_configs/glofas_fr09_authoritative_full7_20260811/synthesis_config.yaml","8a31218e472a5d43938a281a74be2e8bd0ea685a","73c043f0436b508808366f312350fd44c2d06771","synthesis_config.dependencies.qdesn_engine_required_commit","dependencies.qdesn_engine_required_commit","db2901af51479fde264399f5754b3fb836bba407e23cb3bbf56c9dd16db09f2a","db2901af51479fde264399f5754b3fb836bba407e23cb3bbf56c9dd16db09f2a",458,"2026-08-11 01:52:43 EDT"
"post_fit_metrics_by_model","article_table","/data/jaguir26/local/src/Article-Q-DESN---Version-2/local_trackers/worktrees/glofas_authoritative_promotion_20260811/tables/glofas_application_post_fit_metrics_by_model__glofas_fr09_authoritative_full7_20260811.csv","/data/jaguir26/local/src/Article-Q-DESN---Version-2/local_trackers/runtime_configs/glofas_fr09_authoritative_full7_20260811/runs/glofas_fr09_authoritative_full7_20260811_synthesis_contractfixed/tables/post_fit_metrics_by_model.csv","glofas_fr09_authoritative_full7_20260811_synthesis_contractfixed","glofas_fr09_authoritative_full7_20260811_diagnostic_figures","/data/jaguir26/local/src/Article-Q-DESN---Version-2/local_trackers/runtime_configs/glofas_fr09_authoritative_full7_20260811/synthesis_config.yaml","8a31218e472a5d43938a281a74be2e8bd0ea685a","73c043f0436b508808366f312350fd44c2d06771","synthesis_config.dependencies.qdesn_engine_required_commit","dependencies.qdesn_engine_required_commit","0febda5836d5cccc26d24bc589a4014b39b7f8958e77ccf76cdad7116f7fbfd7","0febda5836d5cccc26d24bc589a4014b39b7f8958e77ccf76cdad7116f7fbfd7",653,"2026-08-11 01:52:43 EDT"
"post_fit_metrics_by_horizon","article_table","/data/jaguir26/local/src/Article-Q-DESN---Version-2/local_trackers/worktrees/glofas_authoritative_promotion_20260811/tables/glofas_application_post_fit_metrics_by_horizon__glofas_fr09_authoritative_full7_20260811.csv","/data/jaguir26/local/src/Article-Q-DESN---Version-2/local_trackers/runtime_configs/glofas_fr09_authoritative_full7_20260811/runs/glofas_fr09_authoritative_full7_20260811_synthesis_contractfixed/tables/post_fit_metrics_by_horizon.csv","glofas_fr09_authoritative_full7_20260811_synthesis_contractfixed","glofas_fr09_authoritative_full7_20260811_diagnostic_figures","/data/jaguir26/local/src/Article-Q-DESN---Version-2/local_trackers/runtime_configs/glofas_fr09_authoritative_full7_20260811/synthesis_config.yaml","8a31218e472a5d43938a281a74be2e8bd0ea685a","73c043f0436b508808366f312350fd44c2d06771","synthesis_config.dependencies.qdesn_engine_required_commit","dependencies.qdesn_engine_required_commit","2197743b7c0bc061368867a722ff90410152e8f5df78d28c23fb0f61a30d3e3a","2197743b7c0bc061368867a722ff90410152e8f5df78d28c23fb0f61a30d3e3a",9835,"2026-08-11 01:52:43 EDT"
"post_fit_forecast_window_band_check","article_table","/data/jaguir26/local/src/Article-Q-DESN---Version-2/local_trackers/worktrees/glofas_authoritative_promotion_20260811/tables/glofas_application_forecast_window_band_check__glofas_fr09_authoritative_full7_20260811.csv","/data/jaguir26/local/src/Article-Q-DESN---Version-2/local_trackers/runtime_configs/glofas_fr09_authoritative_full7_20260811/runs/glofas_fr09_authoritative_full7_20260811_synthesis_contractfixed/tables/prediction_quantiles_synthesized.csv","glofas_fr09_authoritative_full7_20260811_synthesis_contractfixed","glofas_fr09_authoritative_full7_20260811_diagnostic_figures","/data/jaguir26/local/src/Article-Q-DESN---Version-2/local_trackers/runtime_configs/glofas_fr09_authoritative_full7_20260811/synthesis_config.yaml","8a31218e472a5d43938a281a74be2e8bd0ea685a","73c043f0436b508808366f312350fd44c2d06771","synthesis_config.dependencies.qdesn_engine_required_commit","dependencies.qdesn_engine_required_commit","1c7ce0efa500b938d1bae0b0b70c439a92b69c92ed80cfc940213d17120eb5c4","1c7ce0efa500b938d1bae0b0b70c439a92b69c92ed80cfc940213d17120eb5c4",225471,"2026-08-11 01:52:43 EDT"
"spread_calibration_manifest","provenance_snapshot","/data/jaguir26/local/src/Article-Q-DESN---Version-2/local_trackers/worktrees/glofas_authoritative_promotion_20260811/tables/glofas_application_spread_calibration_manifest__glofas_fr09_authoritative_full7_20260811.csv","/data/jaguir26/local/src/Article-Q-DESN---Version-2/local_trackers/runtime_configs/glofas_fr09_authoritative_full7_20260811/runs/glofas_fr09_authoritative_full7_20260811_synthesis_contractfixed/tables/spread_calibration_manifest.csv","glofas_fr09_authoritative_full7_20260811_synthesis_contractfixed","glofas_fr09_authoritative_full7_20260811_diagnostic_figures","/data/jaguir26/local/src/Article-Q-DESN---Version-2/local_trackers/runtime_configs/glofas_fr09_authoritative_full7_20260811/synthesis_config.yaml","8a31218e472a5d43938a281a74be2e8bd0ea685a","73c043f0436b508808366f312350fd44c2d06771","synthesis_config.dependencies.qdesn_engine_required_commit","dependencies.qdesn_engine_required_commit","0dfe5cf21c71aaad08d1374aa3d965e8d4c9ee6871c3bee38e2944d509afb401","0dfe5cf21c71aaad08d1374aa3d965e8d4c9ee6871c3bee38e2944d509afb401",194,"2026-08-11 01:52:43 EDT"
"post_fit_parameter_summary","article_table","/data/jaguir26/local/src/Article-Q-DESN---Version-2/local_trackers/worktrees/glofas_authoritative_promotion_20260811/tables/glofas_application_post_fit_parameter_summary__glofas_fr09_authoritative_full7_20260811.csv","/data/jaguir26/local/src/Article-Q-DESN---Version-2/local_trackers/runtime_configs/glofas_fr09_authoritative_full7_20260811/runs/glofas_fr09_authoritative_full7_20260811_diagnostic_figures/tables/vb_convergence_runtime_summary.csv","glofas_fr09_authoritative_full7_20260811_synthesis_contractfixed","glofas_fr09_authoritative_full7_20260811_diagnostic_figures","/data/jaguir26/local/src/Article-Q-DESN---Version-2/local_trackers/runtime_configs/glofas_fr09_authoritative_full7_20260811/synthesis_config.yaml","8a31218e472a5d43938a281a74be2e8bd0ea685a","73c043f0436b508808366f312350fd44c2d06771","synthesis_config.dependencies.qdesn_engine_required_commit","dependencies.qdesn_engine_required_commit","346687382131664d3e61c737041d50c68caea04224585d90b4778da01385acd7","346687382131664d3e61c737041d50c68caea04224585d90b4778da01385acd7",3958,"2026-08-11 01:52:43 EDT"
"post_fit_trace_summary","article_table","/data/jaguir26/local/src/Article-Q-DESN---Version-2/local_trackers/worktrees/glofas_authoritative_promotion_20260811/tables/glofas_application_post_fit_trace_summary__glofas_fr09_authoritative_full7_20260811.csv","/data/jaguir26/local/src/Article-Q-DESN---Version-2/local_trackers/runtime_configs/glofas_fr09_authoritative_full7_20260811/runs/glofas_fr09_authoritative_full7_20260811_diagnostic_figures/tables/vb_convergence_runtime_summary.csv","glofas_fr09_authoritative_full7_20260811_synthesis_contractfixed","glofas_fr09_authoritative_full7_20260811_diagnostic_figures","/data/jaguir26/local/src/Article-Q-DESN---Version-2/local_trackers/runtime_configs/glofas_fr09_authoritative_full7_20260811/synthesis_config.yaml","8a31218e472a5d43938a281a74be2e8bd0ea685a","73c043f0436b508808366f312350fd44c2d06771","synthesis_config.dependencies.qdesn_engine_required_commit","dependencies.qdesn_engine_required_commit","346687382131664d3e61c737041d50c68caea04224585d90b4778da01385acd7","346687382131664d3e61c737041d50c68caea04224585d90b4778da01385acd7",3958,"2026-08-11 01:52:43 EDT"
"launch_readiness_report","article_table","/data/jaguir26/local/src/Article-Q-DESN---Version-2/local_trackers/worktrees/glofas_authoritative_promotion_20260811/tables/glofas_application_launch_readiness_report__glofas_fr09_authoritative_full7_20260811.csv","/data/jaguir26/local/src/Article-Q-DESN---Version-2/local_trackers/runtime_configs/glofas_fr09_authoritative_full7_20260811/runs/glofas_fr09_authoritative_full7_20260811_synthesis_contractfixed/tables/launch_readiness_report.csv","glofas_fr09_authoritative_full7_20260811_synthesis_contractfixed","glofas_fr09_authoritative_full7_20260811_diagnostic_figures","/data/jaguir26/local/src/Article-Q-DESN---Version-2/local_trackers/runtime_configs/glofas_fr09_authoritative_full7_20260811/synthesis_config.yaml","8a31218e472a5d43938a281a74be2e8bd0ea685a","73c043f0436b508808366f312350fd44c2d06771","synthesis_config.dependencies.qdesn_engine_required_commit","dependencies.qdesn_engine_required_commit","0886cd4361153968247bd0899e9c039452d1f84df8be3f4a78d7b5b4bdaf2088","0886cd4361153968247bd0899e9c039452d1f84df8be3f4a78d7b5b4bdaf2088",2804,"2026-08-11 01:52:43 EDT"
"launch_readiness_summary","article_table","/data/jaguir26/local/src/Article-Q-DESN---Version-2/local_trackers/worktrees/glofas_authoritative_promotion_20260811/tables/glofas_application_launch_readiness_summary__glofas_fr09_authoritative_full7_20260811.txt","/data/jaguir26/local/src/Article-Q-DESN---Version-2/local_trackers/runtime_configs/glofas_fr09_authoritative_full7_20260811/runs/glofas_fr09_authoritative_full7_20260811_synthesis_contractfixed/tables/launch_readiness_summary.txt","glofas_fr09_authoritative_full7_20260811_synthesis_contractfixed","glofas_fr09_authoritative_full7_20260811_diagnostic_figures","/data/jaguir26/local/src/Article-Q-DESN---Version-2/local_trackers/runtime_configs/glofas_fr09_authoritative_full7_20260811/synthesis_config.yaml","8a31218e472a5d43938a281a74be2e8bd0ea685a","73c043f0436b508808366f312350fd44c2d06771","synthesis_config.dependencies.qdesn_engine_required_commit","dependencies.qdesn_engine_required_commit","d1f3cbea4d14647f9875e002af55444370325ce6b6be4385d174ec008b350fbe","d1f3cbea4d14647f9875e002af55444370325ce6b6be4385d174ec008b350fbe",606,"2026-08-11 01:52:43 EDT"
"quantile_synthesis_diagnostic_summary","article_table","/data/jaguir26/local/src/Article-Q-DESN---Version-2/local_trackers/worktrees/glofas_authoritative_promotion_20260811/tables/glofas_application_quantile_synthesis_diagnostic_summary__glofas_fr09_authoritative_full7_20260811.csv","/data/jaguir26/local/src/Article-Q-DESN---Version-2/local_trackers/runtime_configs/glofas_fr09_authoritative_full7_20260811/runs/glofas_fr09_authoritative_full7_20260811_synthesis_contractfixed/tables/quantile_synthesis_diagnostic_summary.csv","glofas_fr09_authoritative_full7_20260811_synthesis_contractfixed","glofas_fr09_authoritative_full7_20260811_diagnostic_figures","/data/jaguir26/local/src/Article-Q-DESN---Version-2/local_trackers/runtime_configs/glofas_fr09_authoritative_full7_20260811/synthesis_config.yaml","8a31218e472a5d43938a281a74be2e8bd0ea685a","73c043f0436b508808366f312350fd44c2d06771","synthesis_config.dependencies.qdesn_engine_required_commit","dependencies.qdesn_engine_required_commit","5efaad763943347c2700d9bd29f419b623d1d0b3612d7dcb5185f8a1cddffbfe","5efaad763943347c2700d9bd29f419b623d1d0b3612d7dcb5185f8a1cddffbfe",326,"2026-08-11 01:52:43 EDT"
"quantile_synthesis_diagnostics","article_table","/data/jaguir26/local/src/Article-Q-DESN---Version-2/local_trackers/worktrees/glofas_authoritative_promotion_20260811/tables/glofas_application_quantile_synthesis_diagnostics__glofas_fr09_authoritative_full7_20260811.csv","/data/jaguir26/local/src/Article-Q-DESN---Version-2/local_trackers/runtime_configs/glofas_fr09_authoritative_full7_20260811/runs/glofas_fr09_authoritative_full7_20260811_synthesis_contractfixed/tables/quantile_synthesis_diagnostics.csv","glofas_fr09_authoritative_full7_20260811_synthesis_contractfixed","glofas_fr09_authoritative_full7_20260811_diagnostic_figures","/data/jaguir26/local/src/Article-Q-DESN---Version-2/local_trackers/runtime_configs/glofas_fr09_authoritative_full7_20260811/synthesis_config.yaml","8a31218e472a5d43938a281a74be2e8bd0ea685a","73c043f0436b508808366f312350fd44c2d06771","synthesis_config.dependencies.qdesn_engine_required_commit","dependencies.qdesn_engine_required_commit","42baa6bfcb023d4d4e40da029d4153db85d3d5d23665e649b99c97c81c92d1cd","42baa6bfcb023d4d4e40da029d4153db85d3d5d23665e649b99c97c81c92d1cd",10143,"2026-08-11 01:52:43 EDT"
"score_by_quantile","article_table","/data/jaguir26/local/src/Article-Q-DESN---Version-2/local_trackers/worktrees/glofas_authoritative_promotion_20260811/tables/glofas_application_score_by_quantile__glofas_fr09_authoritative_full7_20260811.csv","/data/jaguir26/local/src/Article-Q-DESN---Version-2/local_trackers/runtime_configs/glofas_fr09_authoritative_full7_20260811/runs/glofas_fr09_authoritative_full7_20260811_synthesis_contractfixed/tables/score_by_quantile.csv","glofas_fr09_authoritative_full7_20260811_synthesis_contractfixed","glofas_fr09_authoritative_full7_20260811_diagnostic_figures","/data/jaguir26/local/src/Article-Q-DESN---Version-2/local_trackers/runtime_configs/glofas_fr09_authoritative_full7_20260811/synthesis_config.yaml","8a31218e472a5d43938a281a74be2e8bd0ea685a","73c043f0436b508808366f312350fd44c2d06771","synthesis_config.dependencies.qdesn_engine_required_commit","dependencies.qdesn_engine_required_commit","d14108905911d7f8bf465d5faa3f8f98931803cb2df008f00f6f19d9c6338a01","d14108905911d7f8bf465d5faa3f8f98931803cb2df008f00f6f19d9c6338a01",246369,"2026-08-11 01:52:43 EDT"
"score_by_interval","article_table","/data/jaguir26/local/src/Article-Q-DESN---Version-2/local_trackers/worktrees/glofas_authoritative_promotion_20260811/tables/glofas_application_score_by_interval__glofas_fr09_authoritative_full7_20260811.csv","/data/jaguir26/local/src/Article-Q-DESN---Version-2/local_trackers/runtime_configs/glofas_fr09_authoritative_full7_20260811/runs/glofas_fr09_authoritative_full7_20260811_synthesis_contractfixed/tables/score_by_interval.csv","glofas_fr09_authoritative_full7_20260811_synthesis_contractfixed","glofas_fr09_authoritative_full7_20260811_diagnostic_figures","/data/jaguir26/local/src/Article-Q-DESN---Version-2/local_trackers/runtime_configs/glofas_fr09_authoritative_full7_20260811/synthesis_config.yaml","8a31218e472a5d43938a281a74be2e8bd0ea685a","73c043f0436b508808366f312350fd44c2d06771","synthesis_config.dependencies.qdesn_engine_required_commit","dependencies.qdesn_engine_required_commit","8218818cc27115d830303685b01f32537433c47fc3ceba20693e010e645cb87a","8218818cc27115d830303685b01f32537433c47fc3ceba20693e010e645cb87a",5727,"2026-08-11 01:52:43 EDT"
"score_by_crps","article_table","/data/jaguir26/local/src/Article-Q-DESN---Version-2/local_trackers/worktrees/glofas_authoritative_promotion_20260811/tables/glofas_application_score_by_crps__glofas_fr09_authoritative_full7_20260811.csv","/data/jaguir26/local/src/Article-Q-DESN---Version-2/local_trackers/runtime_configs/glofas_fr09_authoritative_full7_20260811/runs/glofas_fr09_authoritative_full7_20260811_synthesis_contractfixed/tables/score_by_crps.csv","glofas_fr09_authoritative_full7_20260811_synthesis_contractfixed","glofas_fr09_authoritative_full7_20260811_diagnostic_figures","/data/jaguir26/local/src/Article-Q-DESN---Version-2/local_trackers/runtime_configs/glofas_fr09_authoritative_full7_20260811/synthesis_config.yaml","8a31218e472a5d43938a281a74be2e8bd0ea685a","73c043f0436b508808366f312350fd44c2d06771","synthesis_config.dependencies.qdesn_engine_required_commit","dependencies.qdesn_engine_required_commit","835c1c16739f72bb8fc39c265ec820956f99b97473ac8c572b39115bb06e4951","835c1c16739f72bb8fc39c265ec820956f99b97473ac8c572b39115bb06e4951",4604,"2026-08-11 01:52:43 EDT"
"synthesis_source_readiness","article_table","/data/jaguir26/local/src/Article-Q-DESN---Version-2/local_trackers/worktrees/glofas_authoritative_promotion_20260811/tables/glofas_application_synthesis_source_readiness__glofas_fr09_authoritative_full7_20260811.csv","/data/jaguir26/local/src/Article-Q-DESN---Version-2/local_trackers/runtime_configs/glofas_fr09_authoritative_full7_20260811/runs/glofas_fr09_authoritative_full7_20260811_synthesis_contractfixed/tables/synthesis_source_readiness.csv","glofas_fr09_authoritative_full7_20260811_synthesis_contractfixed","glofas_fr09_authoritative_full7_20260811_diagnostic_figures","/data/jaguir26/local/src/Article-Q-DESN---Version-2/local_trackers/runtime_configs/glofas_fr09_authoritative_full7_20260811/synthesis_config.yaml","8a31218e472a5d43938a281a74be2e8bd0ea685a","73c043f0436b508808366f312350fd44c2d06771","synthesis_config.dependencies.qdesn_engine_required_commit","dependencies.qdesn_engine_required_commit","82519aa6cbed6af9ce2a4e5db992af070945e06dc7d1a821ebe566794e3dceb6","82519aa6cbed6af9ce2a4e5db992af070945e06dc7d1a821ebe566794e3dceb6",856,"2026-08-11 01:52:43 EDT"
"synthesis_model_grid_audit","article_table","/data/jaguir26/local/src/Article-Q-DESN---Version-2/local_trackers/worktrees/glofas_authoritative_promotion_20260811/tables/glofas_application_synthesis_model_grid_audit__glofas_fr09_authoritative_full7_20260811.csv","/data/jaguir26/local/src/Article-Q-DESN---Version-2/local_trackers/runtime_configs/glofas_fr09_authoritative_full7_20260811/runs/glofas_fr09_authoritative_full7_20260811_synthesis_contractfixed/tables/synthesis_model_grid_audit.csv","glofas_fr09_authoritative_full7_20260811_synthesis_contractfixed","glofas_fr09_authoritative_full7_20260811_diagnostic_figures","/data/jaguir26/local/src/Article-Q-DESN---Version-2/local_trackers/runtime_configs/glofas_fr09_authoritative_full7_20260811/synthesis_config.yaml","8a31218e472a5d43938a281a74be2e8bd0ea685a","73c043f0436b508808366f312350fd44c2d06771","synthesis_config.dependencies.qdesn_engine_required_commit","dependencies.qdesn_engine_required_commit","527dbbba60e4774a7dbb78725fdae6caedcac7958c59a34dcd98caff49e3d443","527dbbba60e4774a7dbb78725fdae6caedcac7958c59a34dcd98caff49e3d443",333,"2026-08-11 01:52:43 EDT"
"prediction_quantiles_independent","article_table","/data/jaguir26/local/src/Article-Q-DESN---Version-2/local_trackers/worktrees/glofas_authoritative_promotion_20260811/tables/glofas_application_prediction_quantiles_independent__glofas_fr09_authoritative_full7_20260811.csv","/data/jaguir26/local/src/Article-Q-DESN---Version-2/local_trackers/runtime_configs/glofas_fr09_authoritative_full7_20260811/runs/glofas_fr09_authoritative_full7_20260811_synthesis_contractfixed/tables/prediction_quantiles.csv","glofas_fr09_authoritative_full7_20260811_synthesis_contractfixed","glofas_fr09_authoritative_full7_20260811_diagnostic_figures","/data/jaguir26/local/src/Article-Q-DESN---Version-2/local_trackers/runtime_configs/glofas_fr09_authoritative_full7_20260811/synthesis_config.yaml","8a31218e472a5d43938a281a74be2e8bd0ea685a","73c043f0436b508808366f312350fd44c2d06771","synthesis_config.dependencies.qdesn_engine_required_commit","dependencies.qdesn_engine_required_commit","1c7ce0efa500b938d1bae0b0b70c439a92b69c92ed80cfc940213d17120eb5c4","1c7ce0efa500b938d1bae0b0b70c439a92b69c92ed80cfc940213d17120eb5c4",225471,"2026-08-11 01:52:43 EDT"
"prediction_quantiles_monotone","article_table","/data/jaguir26/local/src/Article-Q-DESN---Version-2/local_trackers/worktrees/glofas_authoritative_promotion_20260811/tables/glofas_application_prediction_quantiles_monotone__glofas_fr09_authoritative_full7_20260811.csv","/data/jaguir26/local/src/Article-Q-DESN---Version-2/local_trackers/runtime_configs/glofas_fr09_authoritative_full7_20260811/runs/glofas_fr09_authoritative_full7_20260811_synthesis_contractfixed/tables/prediction_quantiles_synthesized.csv","glofas_fr09_authoritative_full7_20260811_synthesis_contractfixed","glofas_fr09_authoritative_full7_20260811_diagnostic_figures","/data/jaguir26/local/src/Article-Q-DESN---Version-2/local_trackers/runtime_configs/glofas_fr09_authoritative_full7_20260811/synthesis_config.yaml","8a31218e472a5d43938a281a74be2e8bd0ea685a","73c043f0436b508808366f312350fd44c2d06771","synthesis_config.dependencies.qdesn_engine_required_commit","dependencies.qdesn_engine_required_commit","1c7ce0efa500b938d1bae0b0b70c439a92b69c92ed80cfc940213d17120eb5c4","1c7ce0efa500b938d1bae0b0b70c439a92b69c92ed80cfc940213d17120eb5c4",225471,"2026-08-11 01:52:43 EDT"
"prediction_quantiles_raw_glofas","article_table","/data/jaguir26/local/src/Article-Q-DESN---Version-2/local_trackers/worktrees/glofas_authoritative_promotion_20260811/tables/glofas_application_prediction_quantiles_raw_glofas__glofas_fr09_authoritative_full7_20260811.csv","/data/jaguir26/local/src/Article-Q-DESN---Version-2/local_trackers/runtime_configs/glofas_fr09_authoritative_full7_20260811/runs/glofas_fr09_authoritative_full7_20260811_synthesis_contractfixed/tables/prediction_quantiles_raw_combined.csv","glofas_fr09_authoritative_full7_20260811_synthesis_contractfixed","glofas_fr09_authoritative_full7_20260811_diagnostic_figures","/data/jaguir26/local/src/Article-Q-DESN---Version-2/local_trackers/runtime_configs/glofas_fr09_authoritative_full7_20260811/synthesis_config.yaml","8a31218e472a5d43938a281a74be2e8bd0ea685a","73c043f0436b508808366f312350fd44c2d06771","synthesis_config.dependencies.qdesn_engine_required_commit","dependencies.qdesn_engine_required_commit","e68545314f1f3bf645ec6715ef2beddf26ab1bd54e34bd401bb4c607669f6229","e68545314f1f3bf645ec6715ef2beddf26ab1bd54e34bd401bb4c607669f6229",218784,"2026-08-11 01:52:43 EDT"
"discrepancy_identity_readiness","article_table","/data/jaguir26/local/src/Article-Q-DESN---Version-2/local_trackers/worktrees/glofas_authoritative_promotion_20260811/tables/glofas_application_discrepancy_identity_readiness__glofas_fr09_authoritative_full7_20260811.csv","/data/jaguir26/local/src/Article-Q-DESN---Version-2/local_trackers/runtime_configs/glofas_fr09_authoritative_full7_20260811/runs/glofas_fr09_authoritative_full7_20260811_synthesis_contractfixed/tables/discrepancy_identity_readiness.csv","glofas_fr09_authoritative_full7_20260811_synthesis_contractfixed","glofas_fr09_authoritative_full7_20260811_diagnostic_figures","/data/jaguir26/local/src/Article-Q-DESN---Version-2/local_trackers/runtime_configs/glofas_fr09_authoritative_full7_20260811/synthesis_config.yaml","8a31218e472a5d43938a281a74be2e8bd0ea685a","73c043f0436b508808366f312350fd44c2d06771","synthesis_config.dependencies.qdesn_engine_required_commit","dependencies.qdesn_engine_required_commit","a74571d7229a44efd2a33f21f24bf1b9c7656826a5d30446261f7d9533676373","a74571d7229a44efd2a33f21f24bf1b9c7656826a5d30446261f7d9533676373",521,"2026-08-11 01:52:43 EDT"
"discrepancy_identity_prediction_summary","article_table","/data/jaguir26/local/src/Article-Q-DESN---Version-2/local_trackers/worktrees/glofas_authoritative_promotion_20260811/tables/glofas_application_discrepancy_identity_prediction_summary__glofas_fr09_authoritative_full7_20260811.csv","/data/jaguir26/local/src/Article-Q-DESN---Version-2/local_trackers/runtime_configs/glofas_fr09_authoritative_full7_20260811/runs/glofas_fr09_authoritative_full7_20260811_synthesis_contractfixed/tables/discrepancy_identity_prediction_summary.csv","glofas_fr09_authoritative_full7_20260811_synthesis_contractfixed","glofas_fr09_authoritative_full7_20260811_diagnostic_figures","/data/jaguir26/local/src/Article-Q-DESN---Version-2/local_trackers/runtime_configs/glofas_fr09_authoritative_full7_20260811/synthesis_config.yaml","8a31218e472a5d43938a281a74be2e8bd0ea685a","73c043f0436b508808366f312350fd44c2d06771","synthesis_config.dependencies.qdesn_engine_required_commit","dependencies.qdesn_engine_required_commit","ea13c01056fea054eecfbd5cd85ed6c1ad5408a7c37fb21535ed4efc00d3b4f3","ea13c01056fea054eecfbd5cd85ed6c1ad5408a7c37fb21535ed4efc00d3b4f3",1493,"2026-08-11 01:52:43 EDT"
"discrepancy_identity_prediction_by_quantile","article_table","/data/jaguir26/local/src/Article-Q-DESN---Version-2/local_trackers/worktrees/glofas_authoritative_promotion_20260811/tables/glofas_application_discrepancy_identity_prediction_by_quantile__glofas_fr09_authoritative_full7_20260811.csv","/data/jaguir26/local/src/Article-Q-DESN---Version-2/local_trackers/runtime_configs/glofas_fr09_authoritative_full7_20260811/runs/glofas_fr09_authoritative_full7_20260811_synthesis_contractfixed/tables/discrepancy_identity_prediction_by_quantile.csv","glofas_fr09_authoritative_full7_20260811_synthesis_contractfixed","glofas_fr09_authoritative_full7_20260811_diagnostic_figures","/data/jaguir26/local/src/Article-Q-DESN---Version-2/local_trackers/runtime_configs/glofas_fr09_authoritative_full7_20260811/synthesis_config.yaml","8a31218e472a5d43938a281a74be2e8bd0ea685a","73c043f0436b508808366f312350fd44c2d06771","synthesis_config.dependencies.qdesn_engine_required_commit","dependencies.qdesn_engine_required_commit","1568a1c91900424de6f5bedc58e0ad8dd76be2cf79b6f2be47e15496e4c14b99","1568a1c91900424de6f5bedc58e0ad8dd76be2cf79b6f2be47e15496e4c14b99",5784,"2026-08-11 01:52:43 EDT"
"discrepancy_identity_prediction_by_horizon","article_table","/data/jaguir26/local/src/Article-Q-DESN---Version-2/local_trackers/worktrees/glofas_authoritative_promotion_20260811/tables/glofas_application_discrepancy_identity_prediction_by_horizon__glofas_fr09_authoritative_full7_20260811.csv","/data/jaguir26/local/src/Article-Q-DESN---Version-2/local_trackers/runtime_configs/glofas_fr09_authoritative_full7_20260811/runs/glofas_fr09_authoritative_full7_20260811_synthesis_contractfixed/tables/discrepancy_identity_prediction_by_horizon.csv","glofas_fr09_authoritative_full7_20260811_synthesis_contractfixed","glofas_fr09_authoritative_full7_20260811_diagnostic_figures","/data/jaguir26/local/src/Article-Q-DESN---Version-2/local_trackers/runtime_configs/glofas_fr09_authoritative_full7_20260811/synthesis_config.yaml","8a31218e472a5d43938a281a74be2e8bd0ea685a","73c043f0436b508808366f312350fd44c2d06771","synthesis_config.dependencies.qdesn_engine_required_commit","dependencies.qdesn_engine_required_commit","e51a5350cf4b1d881fd1bbbbaa6f577d539c1eed9c393d61f136aa5a0f4923f9","e51a5350cf4b1d881fd1bbbbaa6f577d539c1eed9c393d61f136aa5a0f4923f9",20801,"2026-08-11 01:52:43 EDT"
"discrepancy_identity_prediction_row_checks","article_table","/data/jaguir26/local/src/Article-Q-DESN---Version-2/local_trackers/worktrees/glofas_authoritative_promotion_20260811/tables/glofas_application_discrepancy_identity_prediction_row_checks__glofas_fr09_authoritative_full7_20260811.csv","/data/jaguir26/local/src/Article-Q-DESN---Version-2/local_trackers/runtime_configs/glofas_fr09_authoritative_full7_20260811/runs/glofas_fr09_authoritative_full7_20260811_synthesis_contractfixed/tables/discrepancy_identity_prediction_row_checks.csv","glofas_fr09_authoritative_full7_20260811_synthesis_contractfixed","glofas_fr09_authoritative_full7_20260811_diagnostic_figures","/data/jaguir26/local/src/Article-Q-DESN---Version-2/local_trackers/runtime_configs/glofas_fr09_authoritative_full7_20260811/synthesis_config.yaml","8a31218e472a5d43938a281a74be2e8bd0ea685a","73c043f0436b508808366f312350fd44c2d06771","synthesis_config.dependencies.qdesn_engine_required_commit","dependencies.qdesn_engine_required_commit","7c2b0b984f13e3223f3bb0abf8e559cfc260d143e3cc31bdcb726675ba9388ec","7c2b0b984f13e3223f3bb0abf8e559cfc260d143e3cc31bdcb726675ba9388ec",127810,"2026-08-11 01:52:43 EDT"
"synthesis_source_manifest_used","provenance_snapshot","/data/jaguir26/local/src/Article-Q-DESN---Version-2/local_trackers/worktrees/glofas_authoritative_promotion_20260811/tables/glofas_application_synthesis_source_manifest__glofas_fr09_authoritative_full7_20260811.csv","/data/jaguir26/local/src/Article-Q-DESN---Version-2/local_trackers/runtime_configs/glofas_fr09_authoritative_full7_20260811/runs/glofas_fr09_authoritative_full7_20260811_synthesis_contractfixed/manifest/synthesis_source_manifest_used.csv","glofas_fr09_authoritative_full7_20260811_synthesis_contractfixed","glofas_fr09_authoritative_full7_20260811_diagnostic_figures","/data/jaguir26/local/src/Article-Q-DESN---Version-2/local_trackers/runtime_configs/glofas_fr09_authoritative_full7_20260811/synthesis_config.yaml","8a31218e472a5d43938a281a74be2e8bd0ea685a","73c043f0436b508808366f312350fd44c2d06771","synthesis_config.dependencies.qdesn_engine_required_commit","dependencies.qdesn_engine_required_commit","a4112511eb3d9792f63b800eb7ab18479a07ac3ba5e3e5a39bbca64089009f88","a4112511eb3d9792f63b800eb7ab18479a07ac3ba5e3e5a39bbca64089009f88",3729,"2026-08-11 01:52:43 EDT"
"qdesn_discrepancy_fit_diagnostics_synthesis","article_table","/data/jaguir26/local/src/Article-Q-DESN---Version-2/local_trackers/worktrees/glofas_authoritative_promotion_20260811/tables/glofas_application_qdesn_discrepancy_fit_diagnostics_synthesis__glofas_fr09_authoritative_full7_20260811.csv","/data/jaguir26/local/src/Article-Q-DESN---Version-2/local_trackers/runtime_configs/glofas_fr09_authoritative_full7_20260811/runs/glofas_fr09_authoritative_full7_20260811_synthesis_contractfixed/tables/qdesn_discrepancy_fit_diagnostics.csv","glofas_fr09_authoritative_full7_20260811_synthesis_contractfixed","glofas_fr09_authoritative_full7_20260811_diagnostic_figures","/data/jaguir26/local/src/Article-Q-DESN---Version-2/local_trackers/runtime_configs/glofas_fr09_authoritative_full7_20260811/synthesis_config.yaml","8a31218e472a5d43938a281a74be2e8bd0ea685a","73c043f0436b508808366f312350fd44c2d06771","synthesis_config.dependencies.qdesn_engine_required_commit","dependencies.qdesn_engine_required_commit","f6379e30233ec30055ec3fdb4cbb082d6fb8e7c555a83102a11265e16f68d4e7","f6379e30233ec30055ec3fdb4cbb082d6fb8e7c555a83102a11265e16f68d4e7",6222,"2026-08-11 01:52:43 EDT"
"qdesn_discrepancy_vb_iteration_timing","article_table","/data/jaguir26/local/src/Article-Q-DESN---Version-2/local_trackers/worktrees/glofas_authoritative_promotion_20260811/tables/glofas_application_qdesn_discrepancy_vb_iteration_timing__glofas_fr09_authoritative_full7_20260811.csv","/data/jaguir26/local/src/Article-Q-DESN---Version-2/local_trackers/runtime_configs/glofas_fr09_authoritative_full7_20260811/runs/glofas_fr09_authoritative_full7_20260811_synthesis_contractfixed/tables/qdesn_discrepancy_vb_iteration_timing.csv","glofas_fr09_authoritative_full7_20260811_synthesis_contractfixed","glofas_fr09_authoritative_full7_20260811_diagnostic_figures","/data/jaguir26/local/src/Article-Q-DESN---Version-2/local_trackers/runtime_configs/glofas_fr09_authoritative_full7_20260811/synthesis_config.yaml","8a31218e472a5d43938a281a74be2e8bd0ea685a","73c043f0436b508808366f312350fd44c2d06771","synthesis_config.dependencies.qdesn_engine_required_commit","dependencies.qdesn_engine_required_commit","8bfc7af8ea8655206d20ded1ee9cc6529fe309ed63b7926814bd1be43e7297c6","8bfc7af8ea8655206d20ded1ee9cc6529fe309ed63b7926814bd1be43e7297c6",1915523,"2026-08-11 01:52:43 EDT"
"diagnostic_readiness_report","diagnostic_table","/data/jaguir26/local/src/Article-Q-DESN---Version-2/local_trackers/worktrees/glofas_authoritative_promotion_20260811/tables/glofas_application_diagnostic_readiness_report__glofas_fr09_authoritative_full7_20260811.csv","/data/jaguir26/local/src/Article-Q-DESN---Version-2/local_trackers/runtime_configs/glofas_fr09_authoritative_full7_20260811/runs/glofas_fr09_authoritative_full7_20260811_diagnostic_figures/tables/diagnostic_readiness_report.csv","glofas_fr09_authoritative_full7_20260811_synthesis_contractfixed","glofas_fr09_authoritative_full7_20260811_diagnostic_figures","/data/jaguir26/local/src/Article-Q-DESN---Version-2/local_trackers/runtime_configs/glofas_fr09_authoritative_full7_20260811/synthesis_config.yaml","8a31218e472a5d43938a281a74be2e8bd0ea685a","73c043f0436b508808366f312350fd44c2d06771","synthesis_config.dependencies.qdesn_engine_required_commit","dependencies.qdesn_engine_required_commit","1f324e96c41b6452d2d79ee29e0249b86b04fa8bdce1084c665b763ffc4af32d","1f324e96c41b6452d2d79ee29e0249b86b04fa8bdce1084c665b763ffc4af32d",2170,"2026-08-11 01:52:43 EDT"
"score_relative_improvement","diagnostic_table","/data/jaguir26/local/src/Article-Q-DESN---Version-2/local_trackers/worktrees/glofas_authoritative_promotion_20260811/tables/glofas_application_score_relative_improvement__glofas_fr09_authoritative_full7_20260811.csv","/data/jaguir26/local/src/Article-Q-DESN---Version-2/local_trackers/runtime_configs/glofas_fr09_authoritative_full7_20260811/runs/glofas_fr09_authoritative_full7_20260811_diagnostic_figures/tables/score_relative_improvement.csv","glofas_fr09_authoritative_full7_20260811_synthesis_contractfixed","glofas_fr09_authoritative_full7_20260811_diagnostic_figures","/data/jaguir26/local/src/Article-Q-DESN---Version-2/local_trackers/runtime_configs/glofas_fr09_authoritative_full7_20260811/synthesis_config.yaml","8a31218e472a5d43938a281a74be2e8bd0ea685a","73c043f0436b508808366f312350fd44c2d06771","synthesis_config.dependencies.qdesn_engine_required_commit","dependencies.qdesn_engine_required_commit","f7a02c371532f8c75598588608c076270816c2c869bff60c396165d67a77e6a1","f7a02c371532f8c75598588608c076270816c2c869bff60c396165d67a77e6a1",268,"2026-08-11 01:52:43 EDT"
"interval_score_coverage_summary","diagnostic_table","/data/jaguir26/local/src/Article-Q-DESN---Version-2/local_trackers/worktrees/glofas_authoritative_promotion_20260811/tables/glofas_application_interval_score_coverage_summary__glofas_fr09_authoritative_full7_20260811.csv","/data/jaguir26/local/src/Article-Q-DESN---Version-2/local_trackers/runtime_configs/glofas_fr09_authoritative_full7_20260811/runs/glofas_fr09_authoritative_full7_20260811_diagnostic_figures/tables/interval_score_coverage_summary.csv","glofas_fr09_authoritative_full7_20260811_synthesis_contractfixed","glofas_fr09_authoritative_full7_20260811_diagnostic_figures","/data/jaguir26/local/src/Article-Q-DESN---Version-2/local_trackers/runtime_configs/glofas_fr09_authoritative_full7_20260811/synthesis_config.yaml","8a31218e472a5d43938a281a74be2e8bd0ea685a","73c043f0436b508808366f312350fd44c2d06771","synthesis_config.dependencies.qdesn_engine_required_commit","dependencies.qdesn_engine_required_commit","7b3bb4c424dc2064df2d9fdff5217337aa4f23e232178403c52091074d1af949","7b3bb4c424dc2064df2d9fdff5217337aa4f23e232178403c52091074d1af949",135,"2026-08-11 01:52:43 EDT"
"isotonic_adjustment_summary","diagnostic_table","/data/jaguir26/local/src/Article-Q-DESN---Version-2/local_trackers/worktrees/glofas_authoritative_promotion_20260811/tables/glofas_application_isotonic_adjustment_summary__glofas_fr09_authoritative_full7_20260811.csv","/data/jaguir26/local/src/Article-Q-DESN---Version-2/local_trackers/runtime_configs/glofas_fr09_authoritative_full7_20260811/runs/glofas_fr09_authoritative_full7_20260811_diagnostic_figures/tables/isotonic_adjustment_summary.csv","glofas_fr09_authoritative_full7_20260811_synthesis_contractfixed","glofas_fr09_authoritative_full7_20260811_diagnostic_figures","/data/jaguir26/local/src/Article-Q-DESN---Version-2/local_trackers/runtime_configs/glofas_fr09_authoritative_full7_20260811/synthesis_config.yaml","8a31218e472a5d43938a281a74be2e8bd0ea685a","73c043f0436b508808366f312350fd44c2d06771","synthesis_config.dependencies.qdesn_engine_required_commit","dependencies.qdesn_engine_required_commit","c2c5c55e3a54cbe5d84c3d145c37194f65f709edd2edc09882359561e5b7f0df","c2c5c55e3a54cbe5d84c3d145c37194f65f709edd2edc09882359561e5b7f0df",163,"2026-08-11 01:52:43 EDT"
"vb_convergence_runtime_summary","diagnostic_table","/data/jaguir26/local/src/Article-Q-DESN---Version-2/local_trackers/worktrees/glofas_authoritative_promotion_20260811/tables/glofas_application_vb_convergence_runtime_summary__glofas_fr09_authoritative_full7_20260811.csv","/data/jaguir26/local/src/Article-Q-DESN---Version-2/local_trackers/runtime_configs/glofas_fr09_authoritative_full7_20260811/runs/glofas_fr09_authoritative_full7_20260811_diagnostic_figures/tables/vb_convergence_runtime_summary.csv","glofas_fr09_authoritative_full7_20260811_synthesis_contractfixed","glofas_fr09_authoritative_full7_20260811_diagnostic_figures","/data/jaguir26/local/src/Article-Q-DESN---Version-2/local_trackers/runtime_configs/glofas_fr09_authoritative_full7_20260811/synthesis_config.yaml","8a31218e472a5d43938a281a74be2e8bd0ea685a","73c043f0436b508808366f312350fd44c2d06771","synthesis_config.dependencies.qdesn_engine_required_commit","dependencies.qdesn_engine_required_commit","346687382131664d3e61c737041d50c68caea04224585d90b4778da01385acd7","346687382131664d3e61c737041d50c68caea04224585d90b4778da01385acd7",3958,"2026-08-11 01:52:43 EDT"
"run_config_yaml","provenance_snapshot","/data/jaguir26/local/src/Article-Q-DESN---Version-2/local_trackers/worktrees/glofas_authoritative_promotion_20260811/tables/glofas_application_run_config__glofas_fr09_authoritative_full7_20260811.yaml","/data/jaguir26/local/src/Article-Q-DESN---Version-2/local_trackers/runtime_configs/glofas_fr09_authoritative_full7_20260811/runs/glofas_fr09_authoritative_full7_20260811_synthesis_contractfixed/manifest/run_config.yaml","glofas_fr09_authoritative_full7_20260811_synthesis_contractfixed","glofas_fr09_authoritative_full7_20260811_diagnostic_figures","/data/jaguir26/local/src/Article-Q-DESN---Version-2/local_trackers/runtime_configs/glofas_fr09_authoritative_full7_20260811/synthesis_config.yaml","8a31218e472a5d43938a281a74be2e8bd0ea685a","73c043f0436b508808366f312350fd44c2d06771","synthesis_config.dependencies.qdesn_engine_required_commit","dependencies.qdesn_engine_required_commit","67fbca897e81c5baf55fc3099776ae498e8d5d50119af6ef9a9df880cc6a102d","67fbca897e81c5baf55fc3099776ae498e8d5d50119af6ef9a9df880cc6a102d",10063,"2026-08-11 01:52:43 EDT"
"qdesn_discrepancy_fit_manifest","provenance_snapshot","/data/jaguir26/local/src/Article-Q-DESN---Version-2/local_trackers/worktrees/glofas_authoritative_promotion_20260811/tables/glofas_application_fit_manifest__glofas_fr09_authoritative_full7_20260811.csv","/data/jaguir26/local/src/Article-Q-DESN---Version-2/local_trackers/runtime_configs/glofas_fr09_authoritative_full7_20260811/runs/glofas_fr09_authoritative_full7_20260811_synthesis_contractfixed/tables/fit_status.csv","glofas_fr09_authoritative_full7_20260811_synthesis_contractfixed","glofas_fr09_authoritative_full7_20260811_diagnostic_figures","/data/jaguir26/local/src/Article-Q-DESN---Version-2/local_trackers/runtime_configs/glofas_fr09_authoritative_full7_20260811/synthesis_config.yaml","8a31218e472a5d43938a281a74be2e8bd0ea685a","73c043f0436b508808366f312350fd44c2d06771","synthesis_config.dependencies.qdesn_engine_required_commit","dependencies.qdesn_engine_required_commit","34c39e178252b0c894a1aa034c7047fc423e6ec43a7b4949670381de222fe03a","34c39e178252b0c894a1aa034c7047fc423e6ec43a7b4949670381de222fe03a",4145,"2026-08-11 01:52:43 EDT"
"qdesn_discrepancy_fit_diagnostics","provenance_snapshot","/data/jaguir26/local/src/Article-Q-DESN---Version-2/local_trackers/worktrees/glofas_authoritative_promotion_20260811/tables/glofas_application_fit_diagnostics__glofas_fr09_authoritative_full7_20260811.csv","/data/jaguir26/local/src/Article-Q-DESN---Version-2/local_trackers/runtime_configs/glofas_fr09_authoritative_full7_20260811/runs/glofas_fr09_authoritative_full7_20260811_synthesis_contractfixed/tables/qdesn_discrepancy_fit_diagnostics.csv","glofas_fr09_authoritative_full7_20260811_synthesis_contractfixed","glofas_fr09_authoritative_full7_20260811_diagnostic_figures","/data/jaguir26/local/src/Article-Q-DESN---Version-2/local_trackers/runtime_configs/glofas_fr09_authoritative_full7_20260811/synthesis_config.yaml","8a31218e472a5d43938a281a74be2e8bd0ea685a","73c043f0436b508808366f312350fd44c2d06771","synthesis_config.dependencies.qdesn_engine_required_commit","dependencies.qdesn_engine_required_commit","f6379e30233ec30055ec3fdb4cbb082d6fb8e7c555a83102a11265e16f68d4e7","f6379e30233ec30055ec3fdb4cbb082d6fb8e7c555a83102a11265e16f68d4e7",6222,"2026-08-11 01:52:43 EDT"
"authoritative_component_registry","provenance_snapshot","/data/jaguir26/local/src/Article-Q-DESN---Version-2/local_trackers/worktrees/glofas_authoritative_promotion_20260811/tables/glofas_application_authoritative_component_registry__glofas_fr09_authoritative_full7_20260811.csv","/data/jaguir26/local/src/Article-Q-DESN---Version-2/local_trackers/runtime_configs/glofas_fr09_authoritative_full7_20260811/authoritative_component_registry.csv","glofas_fr09_authoritative_full7_20260811_synthesis_contractfixed","glofas_fr09_authoritative_full7_20260811_diagnostic_figures","/data/jaguir26/local/src/Article-Q-DESN---Version-2/local_trackers/runtime_configs/glofas_fr09_authoritative_full7_20260811/synthesis_config.yaml","8a31218e472a5d43938a281a74be2e8bd0ea685a","73c043f0436b508808366f312350fd44c2d06771","synthesis_config.dependencies.qdesn_engine_required_commit","dependencies.qdesn_engine_required_commit","bff9f3f9e372bc956ecc6bff57c70501e2b979dab48655caa872d677282cd366","bff9f3f9e372bc956ecc6bff57c70501e2b979dab48655caa872d677282cd366",3599,"2026-08-11 01:52:43 EDT"
"authoritative_promotion_decision","provenance_snapshot","/data/jaguir26/local/src/Article-Q-DESN---Version-2/local_trackers/worktrees/glofas_authoritative_promotion_20260811/tables/glofas_application_authoritative_promotion_decision__glofas_fr09_authoritative_full7_20260811.csv","/data/jaguir26/local/src/Article-Q-DESN---Version-2/local_trackers/runtime_configs/glofas_fr09_authoritative_full7_20260811/promotion_decision.csv","glofas_fr09_authoritative_full7_20260811_synthesis_contractfixed","glofas_fr09_authoritative_full7_20260811_diagnostic_figures","/data/jaguir26/local/src/Article-Q-DESN---Version-2/local_trackers/runtime_configs/glofas_fr09_authoritative_full7_20260811/synthesis_config.yaml","8a31218e472a5d43938a281a74be2e8bd0ea685a","73c043f0436b508808366f312350fd44c2d06771","synthesis_config.dependencies.qdesn_engine_required_commit","dependencies.qdesn_engine_required_commit","1a499d952a0d481cc0658db270d380370b52e1af790cbc598b8e87ea5cce1cfb","1a499d952a0d481cc0658db270d380370b52e1af790cbc598b8e87ea5cce1cfb",538,"2026-08-11 01:52:43 EDT"
"authoritative_component_integrity_audit","provenance_snapshot","/data/jaguir26/local/src/Article-Q-DESN---Version-2/local_trackers/worktrees/glofas_authoritative_promotion_20260811/tables/glofas_application_authoritative_component_integrity_audit__glofas_fr09_authoritative_full7_20260811.csv","/data/jaguir26/local/src/Article-Q-DESN---Version-2/local_trackers/runtime_configs/glofas_fr09_authoritative_full7_20260811/component_integrity_audit.csv","glofas_fr09_authoritative_full7_20260811_synthesis_contractfixed","glofas_fr09_authoritative_full7_20260811_diagnostic_figures","/data/jaguir26/local/src/Article-Q-DESN---Version-2/local_trackers/runtime_configs/glofas_fr09_authoritative_full7_20260811/synthesis_config.yaml","8a31218e472a5d43938a281a74be2e8bd0ea685a","73c043f0436b508808366f312350fd44c2d06771","synthesis_config.dependencies.qdesn_engine_required_commit","dependencies.qdesn_engine_required_commit","5bc5b3638490f9382c6924e5cf0cf87553b9f7b6361bf601319d1a7761b3ed8e","5bc5b3638490f9382c6924e5cf0cf87553b9f7b6361bf601319d1a7761b3ed8e",426,"2026-08-11 01:52:43 EDT"
"authoritative_model_spec","provenance_snapshot","/data/jaguir26/local/src/Article-Q-DESN---Version-2/local_trackers/worktrees/glofas_authoritative_promotion_20260811/tables/glofas_application_authoritative_model_spec__glofas_fr09_authoritative_full7_20260811.csv","/data/jaguir26/local/src/Article-Q-DESN---Version-2/local_trackers/runtime_configs/glofas_fr09_authoritative_full7_20260811/authoritative_model_spec.csv","glofas_fr09_authoritative_full7_20260811_synthesis_contractfixed","glofas_fr09_authoritative_full7_20260811_diagnostic_figures","/data/jaguir26/local/src/Article-Q-DESN---Version-2/local_trackers/runtime_configs/glofas_fr09_authoritative_full7_20260811/synthesis_config.yaml","8a31218e472a5d43938a281a74be2e8bd0ea685a","73c043f0436b508808366f312350fd44c2d06771","synthesis_config.dependencies.qdesn_engine_required_commit","dependencies.qdesn_engine_required_commit","d94b384ad40f76da7c09b28a9579d6ae0a9998f582d42b3ccb987aeba23e14ff","d94b384ad40f76da7c09b28a9579d6ae0a9998f582d42b3ccb987aeba23e14ff",1311,"2026-08-11 01:52:43 EDT"
"observed_history_full7_ranking","article_table","/data/jaguir26/local/src/Article-Q-DESN---Version-2/local_trackers/worktrees/glofas_authoritative_promotion_20260811/tables/glofas_application_observed_history_full7_ranking__glofas_fr09_authoritative_full7_20260811.csv","/data/jaguir26/local/src/Article-Q-DESN---Version-2__wt__glofas_fit_recovery_20260730/local_trackers/runtime_configs/glofas_fit_recovery_transition_full7_20260808/tables/observed_history_full7_ranking.csv","glofas_fr09_authoritative_full7_20260811_synthesis_contractfixed","glofas_fr09_authoritative_full7_20260811_diagnostic_figures","/data/jaguir26/local/src/Article-Q-DESN---Version-2/local_trackers/runtime_configs/glofas_fr09_authoritative_full7_20260811/synthesis_config.yaml","8a31218e472a5d43938a281a74be2e8bd0ea685a","73c043f0436b508808366f312350fd44c2d06771","synthesis_config.dependencies.qdesn_engine_required_commit","dependencies.qdesn_engine_required_commit","924d3735e13be4139f5b8e96d6afae188cf08489ceda41ec1d4e321c049dbc83","924d3735e13be4139f5b8e96d6afae188cf08489ceda41ec1d4e321c049dbc83",742,"2026-08-11 01:52:43 EDT"
"observed_history_full7_scores","article_table","/data/jaguir26/local/src/Article-Q-DESN---Version-2/local_trackers/worktrees/glofas_authoritative_promotion_20260811/tables/glofas_application_observed_history_full7_scores__glofas_fr09_authoritative_full7_20260811.csv","/data/jaguir26/local/src/Article-Q-DESN---Version-2__wt__glofas_fit_recovery_20260730/local_trackers/runtime_configs/glofas_fit_recovery_transition_full7_20260808/tables/observed_history_full7_scores.csv","glofas_fr09_authoritative_full7_20260811_synthesis_contractfixed","glofas_fr09_authoritative_full7_20260811_diagnostic_figures","/data/jaguir26/local/src/Article-Q-DESN---Version-2/local_trackers/runtime_configs/glofas_fr09_authoritative_full7_20260811/synthesis_config.yaml","8a31218e472a5d43938a281a74be2e8bd0ea685a","73c043f0436b508808366f312350fd44c2d06771","synthesis_config.dependencies.qdesn_engine_required_commit","dependencies.qdesn_engine_required_commit","68099be4b1d0e1666e28b01027996999763e007b8b0fd543a3b327fce99c04d4","68099be4b1d0e1666e28b01027996999763e007b8b0fd543a3b327fce99c04d4",3613,"2026-08-11 01:52:43 EDT"
"observed_history_full7_scores_by_quantile","article_table","/data/jaguir26/local/src/Article-Q-DESN---Version-2/local_trackers/worktrees/glofas_authoritative_promotion_20260811/tables/glofas_application_observed_history_full7_scores_by_quantile__glofas_fr09_authoritative_full7_20260811.csv","/data/jaguir26/local/src/Article-Q-DESN---Version-2__wt__glofas_fit_recovery_20260730/local_trackers/runtime_configs/glofas_fit_recovery_transition_full7_20260808/tables/observed_history_full7_scores_by_quantile.csv","glofas_fr09_authoritative_full7_20260811_synthesis_contractfixed","glofas_fr09_authoritative_full7_20260811_diagnostic_figures","/data/jaguir26/local/src/Article-Q-DESN---Version-2/local_trackers/runtime_configs/glofas_fr09_authoritative_full7_20260811/synthesis_config.yaml","8a31218e472a5d43938a281a74be2e8bd0ea685a","73c043f0436b508808366f312350fd44c2d06771","synthesis_config.dependencies.qdesn_engine_required_commit","dependencies.qdesn_engine_required_commit","603fdb421cc6812045fec0a13a2ef161acfb772633268231a7eb4e3ca16b37f0","603fdb421cc6812045fec0a13a2ef161acfb772633268231a7eb4e3ca16b37f0",7311,"2026-08-11 01:52:43 EDT"
"observed_history_crossing_by_date","article_table","/data/jaguir26/local/src/Article-Q-DESN---Version-2/local_trackers/worktrees/glofas_authoritative_promotion_20260811/tables/glofas_application_observed_history_crossing_by_date__glofas_fr09_authoritative_full7_20260811.csv","/data/jaguir26/local/src/Article-Q-DESN---Version-2__wt__glofas_fit_recovery_20260730/local_trackers/runtime_configs/glofas_fit_recovery_transition_full7_20260808/tables/observed_history_crossing_by_date.csv","glofas_fr09_authoritative_full7_20260811_synthesis_contractfixed","glofas_fr09_authoritative_full7_20260811_diagnostic_figures","/data/jaguir26/local/src/Article-Q-DESN---Version-2/local_trackers/runtime_configs/glofas_fr09_authoritative_full7_20260811/synthesis_config.yaml","8a31218e472a5d43938a281a74be2e8bd0ea685a","73c043f0436b508808366f312350fd44c2d06771","synthesis_config.dependencies.qdesn_engine_required_commit","dependencies.qdesn_engine_required_commit","6127147a871f54d7b7d21fc9c34a1db2e718cc489d06268cc749c821ecad3fa2","6127147a871f54d7b7d21fc9c34a1db2e718cc489d06268cc749c821ecad3fa2",1158166,"2026-08-11 01:52:43 EDT"
"observed_history_upper_tail_summary","article_table","/data/jaguir26/local/src/Article-Q-DESN---Version-2/local_trackers/worktrees/glofas_authoritative_promotion_20260811/tables/glofas_application_observed_history_upper_tail_summary__glofas_fr09_authoritative_full7_20260811.csv","/data/jaguir26/local/src/Article-Q-DESN---Version-2__wt__glofas_fit_recovery_20260730/local_trackers/runtime_configs/glofas_fit_recovery_transition_full7_20260808/tables/upper_tail_excursion_summary.csv","glofas_fr09_authoritative_full7_20260811_synthesis_contractfixed","glofas_fr09_authoritative_full7_20260811_diagnostic_figures","/data/jaguir26/local/src/Article-Q-DESN---Version-2/local_trackers/runtime_configs/glofas_fr09_authoritative_full7_20260811/synthesis_config.yaml","8a31218e472a5d43938a281a74be2e8bd0ea685a","73c043f0436b508808366f312350fd44c2d06771","synthesis_config.dependencies.qdesn_engine_required_commit","dependencies.qdesn_engine_required_commit","2fe26037ae8e8562680d39edc2e8308510cb7eb673ca153ff657a00e16e2ae16","2fe26037ae8e8562680d39edc2e8308510cb7eb673ca153ff657a00e16e2ae16",475,"2026-08-11 01:52:43 EDT"
"observed_history_full7_crps_ranking","diagnostic_figure","/data/jaguir26/local/src/Article-Q-DESN---Version-2/local_trackers/worktrees/glofas_authoritative_promotion_20260811/figures/glofas_application/diagnostics/observed_history_full7_crps_ranking__glofas_fr09_authoritative_full7_20260811.pdf","/data/jaguir26/local/src/Article-Q-DESN---Version-2__wt__glofas_fit_recovery_20260730/local_trackers/runtime_configs/glofas_fit_recovery_transition_full7_20260808/figures/observed_history_full7_crps_ranking.pdf","glofas_fr09_authoritative_full7_20260811_synthesis_contractfixed","glofas_fr09_authoritative_full7_20260811_diagnostic_figures","/data/jaguir26/local/src/Article-Q-DESN---Version-2/local_trackers/runtime_configs/glofas_fr09_authoritative_full7_20260811/synthesis_config.yaml","8a31218e472a5d43938a281a74be2e8bd0ea685a","73c043f0436b508808366f312350fd44c2d06771","synthesis_config.dependencies.qdesn_engine_required_commit","dependencies.qdesn_engine_required_commit","34542e627c8b7278ea9130ce80c12d726320338bb745a0f052afcac1e5022b53","34542e627c8b7278ea9130ce80c12d726320338bb745a0f052afcac1e5022b53",11964,"2026-08-11 01:52:43 EDT"
"observed_history_last200_full7_quantiles","diagnostic_figure","/data/jaguir26/local/src/Article-Q-DESN---Version-2/local_trackers/worktrees/glofas_authoritative_promotion_20260811/figures/glofas_application/diagnostics/observed_history_last200_full7_quantiles__glofas_fr09_authoritative_full7_20260811.pdf","/data/jaguir26/local/src/Article-Q-DESN---Version-2__wt__glofas_fit_recovery_20260730/local_trackers/runtime_configs/glofas_fit_recovery_transition_full7_20260808/figures/observed_history_last200_full7_quantiles.pdf","glofas_fr09_authoritative_full7_20260811_synthesis_contractfixed","glofas_fr09_authoritative_full7_20260811_diagnostic_figures","/data/jaguir26/local/src/Article-Q-DESN---Version-2/local_trackers/runtime_configs/glofas_fr09_authoritative_full7_20260811/synthesis_config.yaml","8a31218e472a5d43938a281a74be2e8bd0ea685a","73c043f0436b508808366f312350fd44c2d06771","synthesis_config.dependencies.qdesn_engine_required_commit","dependencies.qdesn_engine_required_commit","0ac6be28d86446a967fe892b6557cc302e2406b53ff5807bc61422e0b0d6aff3","0ac6be28d86446a967fe892b6557cc302e2406b53ff5807bc61422e0b0d6aff3",21162,"2026-08-11 01:52:43 EDT"
"discrepancy_corrected_quantile_paths","article_figure","/data/jaguir26/local/src/Article-Q-DESN---Version-2/local_trackers/worktrees/glofas_authoritative_promotion_20260811/figures/glofas_application/glofas_qdesn_discrepancy_corrected_quantile_paths__glofas_fr09_authoritative_full7_20260811.pdf","/data/jaguir26/local/src/Article-Q-DESN---Version-2/local_trackers/runtime_configs/glofas_fr09_authoritative_full7_20260811/generated/glofas_fr09_authoritative_full7_20260811_synthesis_contractfixed/figures/glofas_qdesn_discrepancy_corrected_quantile_paths.pdf","glofas_fr09_authoritative_full7_20260811_synthesis_contractfixed","glofas_fr09_authoritative_full7_20260811_diagnostic_figures","/data/jaguir26/local/src/Article-Q-DESN---Version-2/local_trackers/runtime_configs/glofas_fr09_authoritative_full7_20260811/synthesis_config.yaml","8a31218e472a5d43938a281a74be2e8bd0ea685a","73c043f0436b508808366f312350fd44c2d06771","synthesis_config.dependencies.qdesn_engine_required_commit","dependencies.qdesn_engine_required_commit","184ee4fd4ad43da49ba331719dd3569cac7040295c361c56469e2edc20b81fb9","184ee4fd4ad43da49ba331719dd3569cac7040295c361c56469e2edc20b81fb9",8115,"2026-08-11 01:52:43 EDT"
"discrepancy_draws_by_horizon","article_figure","/data/jaguir26/local/src/Article-Q-DESN---Version-2/local_trackers/worktrees/glofas_authoritative_promotion_20260811/figures/glofas_application/glofas_qdesn_discrepancy_draws_by_horizon__glofas_fr09_authoritative_full7_20260811.pdf","/data/jaguir26/local/src/Article-Q-DESN---Version-2/local_trackers/runtime_configs/glofas_fr09_authoritative_full7_20260811/generated/glofas_fr09_authoritative_full7_20260811_synthesis_contractfixed/figures/glofas_qdesn_discrepancy_draws_by_horizon.pdf","glofas_fr09_authoritative_full7_20260811_synthesis_contractfixed","glofas_fr09_authoritative_full7_20260811_diagnostic_figures","/data/jaguir26/local/src/Article-Q-DESN---Version-2/local_trackers/runtime_configs/glofas_fr09_authoritative_full7_20260811/synthesis_config.yaml","8a31218e472a5d43938a281a74be2e8bd0ea685a","73c043f0436b508808366f312350fd44c2d06771","synthesis_config.dependencies.qdesn_engine_required_commit","dependencies.qdesn_engine_required_commit","ec79d1c8c17a4685f6f4f9dcda2666a7f80cd37475f2849292085cac8e19a185","ec79d1c8c17a4685f6f4f9dcda2666a7f80cd37475f2849292085cac8e19a185",7770,"2026-08-11 01:52:43 EDT"
"discrepancy_corrected_quantile_paths_independent","article_figure","/data/jaguir26/local/src/Article-Q-DESN---Version-2/local_trackers/worktrees/glofas_authoritative_promotion_20260811/figures/glofas_application/glofas_qdesn_discrepancy_corrected_quantile_paths_independent__glofas_fr09_authoritative_full7_20260811.pdf","/data/jaguir26/local/src/Article-Q-DESN---Version-2/local_trackers/runtime_configs/glofas_fr09_authoritative_full7_20260811/generated/glofas_fr09_authoritative_full7_20260811_synthesis_contractfixed/figures/glofas_qdesn_discrepancy_corrected_quantile_paths_independent.pdf","glofas_fr09_authoritative_full7_20260811_synthesis_contractfixed","glofas_fr09_authoritative_full7_20260811_diagnostic_figures","/data/jaguir26/local/src/Article-Q-DESN---Version-2/local_trackers/runtime_configs/glofas_fr09_authoritative_full7_20260811/synthesis_config.yaml","8a31218e472a5d43938a281a74be2e8bd0ea685a","73c043f0436b508808366f312350fd44c2d06771","synthesis_config.dependencies.qdesn_engine_required_commit","dependencies.qdesn_engine_required_commit","a57e38cd07a5cb67701dd7952ff00313f1dec43cec0028fd3855391eee399c61","a57e38cd07a5cb67701dd7952ff00313f1dec43cec0028fd3855391eee399c61",8116,"2026-08-11 01:52:43 EDT"
"discrepancy_corrected_quantile_paths_monotone","article_figure","/data/jaguir26/local/src/Article-Q-DESN---Version-2/local_trackers/worktrees/glofas_authoritative_promotion_20260811/figures/glofas_application/glofas_qdesn_discrepancy_corrected_quantile_paths_monotone__glofas_fr09_authoritative_full7_20260811.pdf","/data/jaguir26/local/src/Article-Q-DESN---Version-2/local_trackers/runtime_configs/glofas_fr09_authoritative_full7_20260811/generated/glofas_fr09_authoritative_full7_20260811_synthesis_contractfixed/figures/glofas_qdesn_discrepancy_corrected_quantile_paths_monotone.pdf","glofas_fr09_authoritative_full7_20260811_synthesis_contractfixed","glofas_fr09_authoritative_full7_20260811_diagnostic_figures","/data/jaguir26/local/src/Article-Q-DESN---Version-2/local_trackers/runtime_configs/glofas_fr09_authoritative_full7_20260811/synthesis_config.yaml","8a31218e472a5d43938a281a74be2e8bd0ea685a","73c043f0436b508808366f312350fd44c2d06771","synthesis_config.dependencies.qdesn_engine_required_commit","dependencies.qdesn_engine_required_commit","fd29e38211ebd98b74280eacc3190e64ee7581e59fd89f7be789cbb9dc1dd4e2","fd29e38211ebd98b74280eacc3190e64ee7581e59fd89f7be789cbb9dc1dd4e2",8087,"2026-08-11 01:52:43 EDT"
"discrepancy_identity_reconciliation","article_figure","/data/jaguir26/local/src/Article-Q-DESN---Version-2/local_trackers/worktrees/glofas_authoritative_promotion_20260811/figures/glofas_application/glofas_qdesn_discrepancy_identity_reconciliation__glofas_fr09_authoritative_full7_20260811.pdf","/data/jaguir26/local/src/Article-Q-DESN---Version-2/local_trackers/runtime_configs/glofas_fr09_authoritative_full7_20260811/generated/glofas_fr09_authoritative_full7_20260811_synthesis_contractfixed/figures/glofas_qdesn_discrepancy_identity_reconciliation.pdf","glofas_fr09_authoritative_full7_20260811_synthesis_contractfixed","glofas_fr09_authoritative_full7_20260811_diagnostic_figures","/data/jaguir26/local/src/Article-Q-DESN---Version-2/local_trackers/runtime_configs/glofas_fr09_authoritative_full7_20260811/synthesis_config.yaml","8a31218e472a5d43938a281a74be2e8bd0ea685a","73c043f0436b508808366f312350fd44c2d06771","synthesis_config.dependencies.qdesn_engine_required_commit","dependencies.qdesn_engine_required_commit","65b4d2569ecde3655cec4fbd5fd5eaca563086c0833aedfb3bffb94ae72e3013","65b4d2569ecde3655cec4fbd5fd5eaca563086c0833aedfb3bffb94ae72e3013",29106,"2026-08-11 01:52:43 EDT"
"post_fit__forecast_window_pm30","diagnostic_figure","/data/jaguir26/local/src/Article-Q-DESN---Version-2/local_trackers/worktrees/glofas_authoritative_promotion_20260811/figures/glofas_application/diagnostics/glofas_fr09_authoritative_full7_qdesn_synthesized_bands__glofas_fr09_authoritative_full7_20260811.pdf","/data/jaguir26/local/src/Article-Q-DESN---Version-2/local_trackers/runtime_configs/glofas_fr09_authoritative_full7_20260811/generated/glofas_fr09_authoritative_full7_20260811_diagnostic_figures/figures/glofas_fr09_authoritative_full7_qdesn_synthesized_bands.pdf","glofas_fr09_authoritative_full7_20260811_synthesis_contractfixed","glofas_fr09_authoritative_full7_20260811_diagnostic_figures","/data/jaguir26/local/src/Article-Q-DESN---Version-2/local_trackers/runtime_configs/glofas_fr09_authoritative_full7_20260811/synthesis_config.yaml","8a31218e472a5d43938a281a74be2e8bd0ea685a","73c043f0436b508808366f312350fd44c2d06771","synthesis_config.dependencies.qdesn_engine_required_commit","dependencies.qdesn_engine_required_commit","c868d8081b36928d58804b348d5cb3c88b53e4aeba4f0b128e21b8d64ba187b2","c868d8081b36928d58804b348d5cb3c88b53e4aeba4f0b128e21b8d64ba187b2",14617,"2026-08-11 01:52:43 EDT"
"post_fit_diagnostic_traces","diagnostic_figure","/data/jaguir26/local/src/Article-Q-DESN---Version-2/local_trackers/worktrees/glofas_authoritative_promotion_20260811/figures/glofas_application/diagnostics/glofas_fr09_authoritative_full7_vb_parameter_change_traces__glofas_fr09_authoritative_full7_20260811.pdf","/data/jaguir26/local/src/Article-Q-DESN---Version-2/local_trackers/runtime_configs/glofas_fr09_authoritative_full7_20260811/generated/glofas_fr09_authoritative_full7_20260811_diagnostic_figures/figures/glofas_fr09_authoritative_full7_vb_parameter_change_traces.pdf","glofas_fr09_authoritative_full7_20260811_synthesis_contractfixed","glofas_fr09_authoritative_full7_20260811_diagnostic_figures","/data/jaguir26/local/src/Article-Q-DESN---Version-2/local_trackers/runtime_configs/glofas_fr09_authoritative_full7_20260811/synthesis_config.yaml","8a31218e472a5d43938a281a74be2e8bd0ea685a","73c043f0436b508808366f312350fd44c2d06771","synthesis_config.dependencies.qdesn_engine_required_commit","dependencies.qdesn_engine_required_commit","c17fdea3a4c88ebfc3da0798fc8181bd57b8eed61b227abaccd0538716f994e7","c17fdea3a4c88ebfc3da0798fc8181bd57b8eed61b227abaccd0538716f994e7",19659,"2026-08-11 01:52:43 EDT"
"diagnostic_glofas_fr09_authoritative_full7_check_loss_by_quantile","diagnostic_figure","/data/jaguir26/local/src/Article-Q-DESN---Version-2/local_trackers/worktrees/glofas_authoritative_promotion_20260811/figures/glofas_application/diagnostics/glofas_fr09_authoritative_full7_check_loss_by_quantile__glofas_fr09_authoritative_full7_20260811.pdf","/data/jaguir26/local/src/Article-Q-DESN---Version-2/local_trackers/runtime_configs/glofas_fr09_authoritative_full7_20260811/generated/glofas_fr09_authoritative_full7_20260811_diagnostic_figures/figures/glofas_fr09_authoritative_full7_check_loss_by_quantile.pdf","glofas_fr09_authoritative_full7_20260811_synthesis_contractfixed","glofas_fr09_authoritative_full7_20260811_diagnostic_figures","/data/jaguir26/local/src/Article-Q-DESN---Version-2/local_trackers/runtime_configs/glofas_fr09_authoritative_full7_20260811/synthesis_config.yaml","8a31218e472a5d43938a281a74be2e8bd0ea685a","73c043f0436b508808366f312350fd44c2d06771","synthesis_config.dependencies.qdesn_engine_required_commit","dependencies.qdesn_engine_required_commit","f57ff0384cc0cff9e5b51d3760c67c36043fbc8be8095b59e4919f4d404aea23","f57ff0384cc0cff9e5b51d3760c67c36043fbc8be8095b59e4919f4d404aea23",12925,"2026-08-11 01:52:43 EDT"
"diagnostic_glofas_fr09_authoritative_full7_crossing_summary","diagnostic_figure","/data/jaguir26/local/src/Article-Q-DESN---Version-2/local_trackers/worktrees/glofas_authoritative_promotion_20260811/figures/glofas_application/diagnostics/glofas_fr09_authoritative_full7_crossing_summary__glofas_fr09_authoritative_full7_20260811.pdf","/data/jaguir26/local/src/Article-Q-DESN---Version-2/local_trackers/runtime_configs/glofas_fr09_authoritative_full7_20260811/generated/glofas_fr09_authoritative_full7_20260811_diagnostic_figures/figures/glofas_fr09_authoritative_full7_crossing_summary.pdf","glofas_fr09_authoritative_full7_20260811_synthesis_contractfixed","glofas_fr09_authoritative_full7_20260811_diagnostic_figures","/data/jaguir26/local/src/Article-Q-DESN---Version-2/local_trackers/runtime_configs/glofas_fr09_authoritative_full7_20260811/synthesis_config.yaml","8a31218e472a5d43938a281a74be2e8bd0ea685a","73c043f0436b508808366f312350fd44c2d06771","synthesis_config.dependencies.qdesn_engine_required_commit","dependencies.qdesn_engine_required_commit","1bdb82821d0c8da69fe192b95f45909347f5ac2a326eb98ab07aee49fa2e8ca3","1bdb82821d0c8da69fe192b95f45909347f5ac2a326eb98ab07aee49fa2e8ca3",11790,"2026-08-11 01:52:43 EDT"
"diagnostic_glofas_fr09_authoritative_full7_crps_by_horizon","diagnostic_figure","/data/jaguir26/local/src/Article-Q-DESN---Version-2/local_trackers/worktrees/glofas_authoritative_promotion_20260811/figures/glofas_application/diagnostics/glofas_fr09_authoritative_full7_crps_by_horizon__glofas_fr09_authoritative_full7_20260811.pdf","/data/jaguir26/local/src/Article-Q-DESN---Version-2/local_trackers/runtime_configs/glofas_fr09_authoritative_full7_20260811/generated/glofas_fr09_authoritative_full7_20260811_diagnostic_figures/figures/glofas_fr09_authoritative_full7_crps_by_horizon.pdf","glofas_fr09_authoritative_full7_20260811_synthesis_contractfixed","glofas_fr09_authoritative_full7_20260811_diagnostic_figures","/data/jaguir26/local/src/Article-Q-DESN---Version-2/local_trackers/runtime_configs/glofas_fr09_authoritative_full7_20260811/synthesis_config.yaml","8a31218e472a5d43938a281a74be2e8bd0ea685a","73c043f0436b508808366f312350fd44c2d06771","synthesis_config.dependencies.qdesn_engine_required_commit","dependencies.qdesn_engine_required_commit","9a642abf5aa7c0f04c35eef4c3f49ac7065d17e380888f2106c7afd6763be8fc","9a642abf5aa7c0f04c35eef4c3f49ac7065d17e380888f2106c7afd6763be8fc",14260,"2026-08-11 01:52:43 EDT"
"diagnostic_glofas_fr09_authoritative_full7_discrepancy_forecast_correction_comparison","diagnostic_figure","/data/jaguir26/local/src/Article-Q-DESN---Version-2/local_trackers/worktrees/glofas_authoritative_promotion_20260811/figures/glofas_application/diagnostics/glofas_fr09_authoritative_full7_discrepancy_forecast_correction_comparison__glofas_fr09_authoritative_full7_20260811.pdf","/data/jaguir26/local/src/Article-Q-DESN---Version-2/local_trackers/runtime_configs/glofas_fr09_authoritative_full7_20260811/generated/glofas_fr09_authoritative_full7_20260811_diagnostic_figures/figures/glofas_fr09_authoritative_full7_discrepancy_forecast_correction_comparison.pdf","glofas_fr09_authoritative_full7_20260811_synthesis_contractfixed","glofas_fr09_authoritative_full7_20260811_diagnostic_figures","/data/jaguir26/local/src/Article-Q-DESN---Version-2/local_trackers/runtime_configs/glofas_fr09_authoritative_full7_20260811/synthesis_config.yaml","8a31218e472a5d43938a281a74be2e8bd0ea685a","73c043f0436b508808366f312350fd44c2d06771","synthesis_config.dependencies.qdesn_engine_required_commit","dependencies.qdesn_engine_required_commit","47975f040fef4c0074f3cd181897f48d5f9af13a79531eb674f884014568a29e","47975f040fef4c0074f3cd181897f48d5f9af13a79531eb674f884014568a29e",26460,"2026-08-11 01:52:43 EDT"
"diagnostic_glofas_fr09_authoritative_full7_discrepancy_prepost_cutoff_window","diagnostic_figure","/data/jaguir26/local/src/Article-Q-DESN---Version-2/local_trackers/worktrees/glofas_authoritative_promotion_20260811/figures/glofas_application/diagnostics/glofas_fr09_authoritative_full7_discrepancy_prepost_cutoff_window__glofas_fr09_authoritative_full7_20260811.pdf","/data/jaguir26/local/src/Article-Q-DESN---Version-2/local_trackers/runtime_configs/glofas_fr09_authoritative_full7_20260811/generated/glofas_fr09_authoritative_full7_20260811_diagnostic_figures/figures/glofas_fr09_authoritative_full7_discrepancy_prepost_cutoff_window.pdf","glofas_fr09_authoritative_full7_20260811_synthesis_contractfixed","glofas_fr09_authoritative_full7_20260811_diagnostic_figures","/data/jaguir26/local/src/Article-Q-DESN---Version-2/local_trackers/runtime_configs/glofas_fr09_authoritative_full7_20260811/synthesis_config.yaml","8a31218e472a5d43938a281a74be2e8bd0ea685a","73c043f0436b508808366f312350fd44c2d06771","synthesis_config.dependencies.qdesn_engine_required_commit","dependencies.qdesn_engine_required_commit","2679d920012e427319a5b8018b26c0743dd352889b18a9650a5dda7939bcdf34","2679d920012e427319a5b8018b26c0743dd352889b18a9650a5dda7939bcdf34",323827,"2026-08-11 01:52:43 EDT"
"diagnostic_glofas_fr09_authoritative_full7_interval_coverage","diagnostic_figure","/data/jaguir26/local/src/Article-Q-DESN---Version-2/local_trackers/worktrees/glofas_authoritative_promotion_20260811/figures/glofas_application/diagnostics/glofas_fr09_authoritative_full7_interval_coverage__glofas_fr09_authoritative_full7_20260811.pdf","/data/jaguir26/local/src/Article-Q-DESN---Version-2/local_trackers/runtime_configs/glofas_fr09_authoritative_full7_20260811/generated/glofas_fr09_authoritative_full7_20260811_diagnostic_figures/figures/glofas_fr09_authoritative_full7_interval_coverage.pdf","glofas_fr09_authoritative_full7_20260811_synthesis_contractfixed","glofas_fr09_authoritative_full7_20260811_diagnostic_figures","/data/jaguir26/local/src/Article-Q-DESN---Version-2/local_trackers/runtime_configs/glofas_fr09_authoritative_full7_20260811/synthesis_config.yaml","8a31218e472a5d43938a281a74be2e8bd0ea685a","73c043f0436b508808366f312350fd44c2d06771","synthesis_config.dependencies.qdesn_engine_required_commit","dependencies.qdesn_engine_required_commit","e674800dee9b88dc1d96cfbe53030a2b62683e3ebadc6d3280d327c30b228ff2","e674800dee9b88dc1d96cfbe53030a2b62683e3ebadc6d3280d327c30b228ff2",11938,"2026-08-11 01:52:43 EDT"
"diagnostic_glofas_fr09_authoritative_full7_isotonic_adjustment","diagnostic_figure","/data/jaguir26/local/src/Article-Q-DESN---Version-2/local_trackers/worktrees/glofas_authoritative_promotion_20260811/figures/glofas_application/diagnostics/glofas_fr09_authoritative_full7_isotonic_adjustment__glofas_fr09_authoritative_full7_20260811.pdf","/data/jaguir26/local/src/Article-Q-DESN---Version-2/local_trackers/runtime_configs/glofas_fr09_authoritative_full7_20260811/generated/glofas_fr09_authoritative_full7_20260811_diagnostic_figures/figures/glofas_fr09_authoritative_full7_isotonic_adjustment.pdf","glofas_fr09_authoritative_full7_20260811_synthesis_contractfixed","glofas_fr09_authoritative_full7_20260811_diagnostic_figures","/data/jaguir26/local/src/Article-Q-DESN---Version-2/local_trackers/runtime_configs/glofas_fr09_authoritative_full7_20260811/synthesis_config.yaml","8a31218e472a5d43938a281a74be2e8bd0ea685a","73c043f0436b508808366f312350fd44c2d06771","synthesis_config.dependencies.qdesn_engine_required_commit","dependencies.qdesn_engine_required_commit","278e26900d20d6a2e1dbdde9d00ed30a8f0b4c051e018d7798f16ee6980b2f1e","278e26900d20d6a2e1dbdde9d00ed30a8f0b4c051e018d7798f16ee6980b2f1e",14765,"2026-08-11 01:52:43 EDT"
"diagnostic_glofas_fr09_authoritative_full7_qdesn_component_paths","diagnostic_figure","/data/jaguir26/local/src/Article-Q-DESN---Version-2/local_trackers/worktrees/glofas_authoritative_promotion_20260811/figures/glofas_application/diagnostics/glofas_fr09_authoritative_full7_qdesn_component_paths__glofas_fr09_authoritative_full7_20260811.pdf","/data/jaguir26/local/src/Article-Q-DESN---Version-2/local_trackers/runtime_configs/glofas_fr09_authoritative_full7_20260811/generated/glofas_fr09_authoritative_full7_20260811_diagnostic_figures/figures/glofas_fr09_authoritative_full7_qdesn_component_paths.pdf","glofas_fr09_authoritative_full7_20260811_synthesis_contractfixed","glofas_fr09_authoritative_full7_20260811_diagnostic_figures","/data/jaguir26/local/src/Article-Q-DESN---Version-2/local_trackers/runtime_configs/glofas_fr09_authoritative_full7_20260811/synthesis_config.yaml","8a31218e472a5d43938a281a74be2e8bd0ea685a","73c043f0436b508808366f312350fd44c2d06771","synthesis_config.dependencies.qdesn_engine_required_commit","dependencies.qdesn_engine_required_commit","a53721dafbec4db40456b5f080246aeb56742690851bb7633bf025044b0d23b6","a53721dafbec4db40456b5f080246aeb56742690851bb7633bf025044b0d23b6",16595,"2026-08-11 01:52:43 EDT"
"diagnostic_glofas_fr09_authoritative_full7_qdesn_interval_widths","diagnostic_figure","/data/jaguir26/local/src/Article-Q-DESN---Version-2/local_trackers/worktrees/glofas_authoritative_promotion_20260811/figures/glofas_application/diagnostics/glofas_fr09_authoritative_full7_qdesn_interval_widths__glofas_fr09_authoritative_full7_20260811.pdf","/data/jaguir26/local/src/Article-Q-DESN---Version-2/local_trackers/runtime_configs/glofas_fr09_authoritative_full7_20260811/generated/glofas_fr09_authoritative_full7_20260811_diagnostic_figures/figures/glofas_fr09_authoritative_full7_qdesn_interval_widths.pdf","glofas_fr09_authoritative_full7_20260811_synthesis_contractfixed","glofas_fr09_authoritative_full7_20260811_diagnostic_figures","/data/jaguir26/local/src/Article-Q-DESN---Version-2/local_trackers/runtime_configs/glofas_fr09_authoritative_full7_20260811/synthesis_config.yaml","8a31218e472a5d43938a281a74be2e8bd0ea685a","73c043f0436b508808366f312350fd44c2d06771","synthesis_config.dependencies.qdesn_engine_required_commit","dependencies.qdesn_engine_required_commit","69681905a5d64b5dc2ff94797328dda5aba796d5d4ee0f912040990790f9cfe2","69681905a5d64b5dc2ff94797328dda5aba796d5d4ee0f912040990790f9cfe2",12911,"2026-08-11 01:52:43 EDT"
"diagnostic_glofas_fr09_authoritative_full7_qdesn_synthesized_bands","diagnostic_figure","/data/jaguir26/local/src/Article-Q-DESN---Version-2/local_trackers/worktrees/glofas_authoritative_promotion_20260811/figures/glofas_application/diagnostics/glofas_fr09_authoritative_full7_qdesn_synthesized_bands__glofas_fr09_authoritative_full7_20260811.pdf","/data/jaguir26/local/src/Article-Q-DESN---Version-2/local_trackers/runtime_configs/glofas_fr09_authoritative_full7_20260811/generated/glofas_fr09_authoritative_full7_20260811_diagnostic_figures/figures/glofas_fr09_authoritative_full7_qdesn_synthesized_bands.pdf","glofas_fr09_authoritative_full7_20260811_synthesis_contractfixed","glofas_fr09_authoritative_full7_20260811_diagnostic_figures","/data/jaguir26/local/src/Article-Q-DESN---Version-2/local_trackers/runtime_configs/glofas_fr09_authoritative_full7_20260811/synthesis_config.yaml","8a31218e472a5d43938a281a74be2e8bd0ea685a","73c043f0436b508808366f312350fd44c2d06771","synthesis_config.dependencies.qdesn_engine_required_commit","dependencies.qdesn_engine_required_commit","c868d8081b36928d58804b348d5cb3c88b53e4aeba4f0b128e21b8d64ba187b2","c868d8081b36928d58804b348d5cb3c88b53e4aeba4f0b128e21b8d64ba187b2",14617,"2026-08-11 01:52:43 EDT"
"diagnostic_glofas_fr09_authoritative_full7_raw_vs_qdesn_monotone_paths","diagnostic_figure","/data/jaguir26/local/src/Article-Q-DESN---Version-2/local_trackers/worktrees/glofas_authoritative_promotion_20260811/figures/glofas_application/diagnostics/glofas_fr09_authoritative_full7_raw_vs_qdesn_monotone_paths__glofas_fr09_authoritative_full7_20260811.pdf","/data/jaguir26/local/src/Article-Q-DESN---Version-2/local_trackers/runtime_configs/glofas_fr09_authoritative_full7_20260811/generated/glofas_fr09_authoritative_full7_20260811_diagnostic_figures/figures/glofas_fr09_authoritative_full7_raw_vs_qdesn_monotone_paths.pdf","glofas_fr09_authoritative_full7_20260811_synthesis_contractfixed","glofas_fr09_authoritative_full7_20260811_diagnostic_figures","/data/jaguir26/local/src/Article-Q-DESN---Version-2/local_trackers/runtime_configs/glofas_fr09_authoritative_full7_20260811/synthesis_config.yaml","8a31218e472a5d43938a281a74be2e8bd0ea685a","73c043f0436b508808366f312350fd44c2d06771","synthesis_config.dependencies.qdesn_engine_required_commit","dependencies.qdesn_engine_required_commit","b70b1ac2a8ce9e378c3dd45026ea77cd013b8183ec7b3894a84c1b04e13ab87b","b70b1ac2a8ce9e378c3dd45026ea77cd013b8183ec7b3894a84c1b04e13ab87b",17409,"2026-08-11 01:52:43 EDT"
"diagnostic_glofas_fr09_authoritative_full7_readout_norm_summary","diagnostic_figure","/data/jaguir26/local/src/Article-Q-DESN---Version-2/local_trackers/worktrees/glofas_authoritative_promotion_20260811/figures/glofas_application/diagnostics/glofas_fr09_authoritative_full7_readout_norm_summary__glofas_fr09_authoritative_full7_20260811.pdf","/data/jaguir26/local/src/Article-Q-DESN---Version-2/local_trackers/runtime_configs/glofas_fr09_authoritative_full7_20260811/generated/glofas_fr09_authoritative_full7_20260811_diagnostic_figures/figures/glofas_fr09_authoritative_full7_readout_norm_summary.pdf","glofas_fr09_authoritative_full7_20260811_synthesis_contractfixed","glofas_fr09_authoritative_full7_20260811_diagnostic_figures","/data/jaguir26/local/src/Article-Q-DESN---Version-2/local_trackers/runtime_configs/glofas_fr09_authoritative_full7_20260811/synthesis_config.yaml","8a31218e472a5d43938a281a74be2e8bd0ea685a","73c043f0436b508808366f312350fd44c2d06771","synthesis_config.dependencies.qdesn_engine_required_commit","dependencies.qdesn_engine_required_commit","49c4cb1537c65a98b6a5911b8a6db8008491408cc93b32020f48dde185f1eccb","49c4cb1537c65a98b6a5911b8a6db8008491408cc93b32020f48dde185f1eccb",12749,"2026-08-11 01:52:43 EDT"
"diagnostic_glofas_fr09_authoritative_full7_score_summary","diagnostic_figure","/data/jaguir26/local/src/Article-Q-DESN---Version-2/local_trackers/worktrees/glofas_authoritative_promotion_20260811/figures/glofas_application/diagnostics/glofas_fr09_authoritative_full7_score_summary__glofas_fr09_authoritative_full7_20260811.pdf","/data/jaguir26/local/src/Article-Q-DESN---Version-2/local_trackers/runtime_configs/glofas_fr09_authoritative_full7_20260811/generated/glofas_fr09_authoritative_full7_20260811_diagnostic_figures/figures/glofas_fr09_authoritative_full7_score_summary.pdf","glofas_fr09_authoritative_full7_20260811_synthesis_contractfixed","glofas_fr09_authoritative_full7_20260811_diagnostic_figures","/data/jaguir26/local/src/Article-Q-DESN---Version-2/local_trackers/runtime_configs/glofas_fr09_authoritative_full7_20260811/synthesis_config.yaml","8a31218e472a5d43938a281a74be2e8bd0ea685a","73c043f0436b508808366f312350fd44c2d06771","synthesis_config.dependencies.qdesn_engine_required_commit","dependencies.qdesn_engine_required_commit","a4c0e353039c6e0ea866b7921cbe1e94d6aab1ce1795971421492b0caca0b4fb","a4c0e353039c6e0ea866b7921cbe1e94d6aab1ce1795971421492b0caca0b4fb",12699,"2026-08-11 01:52:43 EDT"
"diagnostic_glofas_fr09_authoritative_full7_vb_elbo_traces","diagnostic_figure","/data/jaguir26/local/src/Article-Q-DESN---Version-2/local_trackers/worktrees/glofas_authoritative_promotion_20260811/figures/glofas_application/diagnostics/glofas_fr09_authoritative_full7_vb_elbo_traces__glofas_fr09_authoritative_full7_20260811.pdf","/data/jaguir26/local/src/Article-Q-DESN---Version-2/local_trackers/runtime_configs/glofas_fr09_authoritative_full7_20260811/generated/glofas_fr09_authoritative_full7_20260811_diagnostic_figures/figures/glofas_fr09_authoritative_full7_vb_elbo_traces.pdf","glofas_fr09_authoritative_full7_20260811_synthesis_contractfixed","glofas_fr09_authoritative_full7_20260811_diagnostic_figures","/data/jaguir26/local/src/Article-Q-DESN---Version-2/local_trackers/runtime_configs/glofas_fr09_authoritative_full7_20260811/synthesis_config.yaml","8a31218e472a5d43938a281a74be2e8bd0ea685a","73c043f0436b508808366f312350fd44c2d06771","synthesis_config.dependencies.qdesn_engine_required_commit","dependencies.qdesn_engine_required_commit","e4fbe3be2d6b276f618239a9237107a115b002385e8fd49d689efa92ffd52583","e4fbe3be2d6b276f618239a9237107a115b002385e8fd49d689efa92ffd52583",16614,"2026-08-11 01:52:43 EDT"
"diagnostic_glofas_fr09_authoritative_full7_vb_parameter_change_traces","diagnostic_figure","/data/jaguir26/local/src/Article-Q-DESN---Version-2/local_trackers/worktrees/glofas_authoritative_promotion_20260811/figures/glofas_application/diagnostics/glofas_fr09_authoritative_full7_vb_parameter_change_traces__glofas_fr09_authoritative_full7_20260811.pdf","/data/jaguir26/local/src/Article-Q-DESN---Version-2/local_trackers/runtime_configs/glofas_fr09_authoritative_full7_20260811/generated/glofas_fr09_authoritative_full7_20260811_diagnostic_figures/figures/glofas_fr09_authoritative_full7_vb_parameter_change_traces.pdf","glofas_fr09_authoritative_full7_20260811_synthesis_contractfixed","glofas_fr09_authoritative_full7_20260811_diagnostic_figures","/data/jaguir26/local/src/Article-Q-DESN---Version-2/local_trackers/runtime_configs/glofas_fr09_authoritative_full7_20260811/synthesis_config.yaml","8a31218e472a5d43938a281a74be2e8bd0ea685a","73c043f0436b508808366f312350fd44c2d06771","synthesis_config.dependencies.qdesn_engine_required_commit","dependencies.qdesn_engine_required_commit","c17fdea3a4c88ebfc3da0798fc8181bd57b8eed61b227abaccd0538716f994e7","c17fdea3a4c88ebfc3da0798fc8181bd57b8eed61b227abaccd0538716f994e7",19659,"2026-08-11 01:52:43 EDT"
"diagnostic_glofas_fr09_authoritative_full7_vb_runtime_convergence","diagnostic_figure","/data/jaguir26/local/src/Article-Q-DESN---Version-2/local_trackers/worktrees/glofas_authoritative_promotion_20260811/figures/glofas_application/diagnostics/glofas_fr09_authoritative_full7_vb_runtime_convergence__glofas_fr09_authoritative_full7_20260811.pdf","/data/jaguir26/local/src/Article-Q-DESN---Version-2/local_trackers/runtime_configs/glofas_fr09_authoritative_full7_20260811/generated/glofas_fr09_authoritative_full7_20260811_diagnostic_figures/figures/glofas_fr09_authoritative_full7_vb_runtime_convergence.pdf","glofas_fr09_authoritative_full7_20260811_synthesis_contractfixed","glofas_fr09_authoritative_full7_20260811_diagnostic_figures","/data/jaguir26/local/src/Article-Q-DESN---Version-2/local_trackers/runtime_configs/glofas_fr09_authoritative_full7_20260811/synthesis_config.yaml","8a31218e472a5d43938a281a74be2e8bd0ea685a","73c043f0436b508808366f312350fd44c2d06771","synthesis_config.dependencies.qdesn_engine_required_commit","dependencies.qdesn_engine_required_commit","073926f308277c23c2b1fcc82364ad6cdd96f4743ca6a679234f808ee63a8fc0","073926f308277c23c2b1fcc82364ad6cdd96f4743ca6a679234f808ee63a8fc0",12669,"2026-08-11 01:52:43 EDT"
