"output_role","output_path","sha256","run_id","created_at"
"cutoff_context_quantile_paths","/data/jaguir26/local/src/Article-Q-DESN---Version-2/local_trackers/runtime_configs/glofas_fr09_authoritative_full7_20260811/generated/glofas_fr09_authoritative_full7_20260811_context60_members/figures/glofas_fr09_authoritative_full7_cutoff_context_quantile_paths.pdf","ce55d8a8391c5c62a7f017093a0e45ae809bf7fca4b0033f5226cc960ae44210","glofas_fr09_authoritative_full7_20260811_context60_members","2026-08-11 03:27:10 EDT"
"cutoff_context_synthesized_bands","/data/jaguir26/local/src/Article-Q-DESN---Version-2/local_trackers/runtime_configs/glofas_fr09_authoritative_full7_20260811/generated/glofas_fr09_authoritative_full7_20260811_context60_members/figures/glofas_fr09_authoritative_full7_cutoff_context_synthesized_bands.pdf","5fd8992e15cfa6d6ba66f4916483d63032a614e3dfdfa799eceb4dd094325a84","glofas_fr09_authoritative_full7_20260811_context60_members","2026-08-11 03:27:10 EDT"
"cutoff_context_qdesn_quantiles","/data/jaguir26/local/src/Article-Q-DESN---Version-2/local_trackers/runtime_configs/glofas_fr09_authoritative_full7_20260811/runs/glofas_fr09_authoritative_full7_20260811_context60_members/tables/cutoff_context_qdesn_quantiles.csv","42eeaf968078f66b49081af3012cb9a64cf6d3ebd441ce2212a925b78ea9226b","glofas_fr09_authoritative_full7_20260811_context60_members","2026-08-11 03:27:10 EDT"
"cutoff_context_observed_history_source","/data/jaguir26/local/src/Article-Q-DESN---Version-2/local_trackers/runtime_configs/glofas_fr09_authoritative_full7_20260811/runs/glofas_fr09_authoritative_full7_20260811_context60_members/tables/cutoff_context_observed_history_source.csv","b40d335cc3c8f0b1a893d027c8d02ae58915d1baf0a88f1e1c4a4085851e1af9","glofas_fr09_authoritative_full7_20260811_context60_members","2026-08-11 03:27:10 EDT"
"cutoff_context_bands","/data/jaguir26/local/src/Article-Q-DESN---Version-2/local_trackers/runtime_configs/glofas_fr09_authoritative_full7_20260811/runs/glofas_fr09_authoritative_full7_20260811_context60_members/tables/cutoff_context_bands.csv","7aefec09b3c31418a3c15342970b2a249e28d2f4343eab1f082f4b89738a0549","glofas_fr09_authoritative_full7_20260811_context60_members","2026-08-11 03:27:10 EDT"
"cutoff_context_reference","/data/jaguir26/local/src/Article-Q-DESN---Version-2/local_trackers/runtime_configs/glofas_fr09_authoritative_full7_20260811/runs/glofas_fr09_authoritative_full7_20260811_context60_members/tables/cutoff_context_reference.csv","8f270562e7021e4ccace7ff35cc445f99bcc68cd4203782d92c725564552e466","glofas_fr09_authoritative_full7_20260811_context60_members","2026-08-11 03:27:10 EDT"
"cutoff_context_glofas_retrospective","/data/jaguir26/local/src/Article-Q-DESN---Version-2/local_trackers/runtime_configs/glofas_fr09_authoritative_full7_20260811/runs/glofas_fr09_authoritative_full7_20260811_context60_members/tables/cutoff_context_glofas_retrospective.csv","b6f3240697b4585558cd527f292a6421da0649a66276aea547de913f3b29d7cc","glofas_fr09_authoritative_full7_20260811_context60_members","2026-08-11 03:27:10 EDT"
"cutoff_context_glofas_ensemble_members","/data/jaguir26/local/src/Article-Q-DESN---Version-2/local_trackers/runtime_configs/glofas_fr09_authoritative_full7_20260811/runs/glofas_fr09_authoritative_full7_20260811_context60_members/tables/cutoff_context_glofas_ensemble_members.csv","b97821bca0ffd5132dd45c64e307d79dd88b579d84b2b6691f76a45352e6e7ce","glofas_fr09_authoritative_full7_20260811_context60_members","2026-08-11 03:27:10 EDT"
"cutoff_context_glofas_ensemble_summary","/data/jaguir26/local/src/Article-Q-DESN---Version-2/local_trackers/runtime_configs/glofas_fr09_authoritative_full7_20260811/runs/glofas_fr09_authoritative_full7_20260811_context60_members/tables/cutoff_context_glofas_ensemble_summary.csv","8c36e2a63df35814ea8f568d17dd7302509bea3ffe809c3f5191f75eddaa3fd8","glofas_fr09_authoritative_full7_20260811_context60_members","2026-08-11 03:27:10 EDT"
"cutoff_context_readiness","/data/jaguir26/local/src/Article-Q-DESN---Version-2/local_trackers/runtime_configs/glofas_fr09_authoritative_full7_20260811/runs/glofas_fr09_authoritative_full7_20260811_context60_members/tables/cutoff_context_readiness.csv","cf5a6634815d39221bd2518d0a77e1bcd62a1c619621debbc20233e0a6a36146","glofas_fr09_authoritative_full7_20260811_context60_members","2026-08-11 03:27:10 EDT"
"cutoff_context_source_provenance","/data/jaguir26/local/src/Article-Q-DESN---Version-2/local_trackers/runtime_configs/glofas_fr09_authoritative_full7_20260811/runs/glofas_fr09_authoritative_full7_20260811_context60_members/manifest/cutoff_context_source_provenance.csv","ba2c452867ddcb3613a6cf95ef89fb35cce48f19a32578e87f0f28fe47f3047a","glofas_fr09_authoritative_full7_20260811_context60_members","2026-08-11 03:27:10 EDT"
