"scenario_id","case_id","mcmc_case_id","phase178_template_id","base_scenario_id","dgp_replicate_id","validation_partition","fit_structure","variant_id","candidate_role","design_role","distribution_family","dynamics_class","posterior_score_mean","posterior_score_median","posterior_score_q025","posterior_score_q975","posterior_regret_mean","posterior_realized_acrps_mean","score_rank_rhat","score_folded_rhat","score_bulk_ess","score_tail_ess","score_mcse_mean","raw_crossing_pairs","contract_crossing_pairs","mean_abs_adjustment_over_sigma","max_abs_adjustment","score_functional_status","raw_crossing_opportunities","raw_crossing_rate","coherence_status","canonical_action_dgp_integrated_acrps","canonical_action_realized_acrps","expected_oracle_acrps","canonical_action_expected_regret","canonical_raw_crossing_pairs","canonical_contract_crossing_pairs","canonical_mean_abs_adjustment","canonical_max_abs_adjustment","source_model_id","model_id","display_label","likelihood_family","source_action","source_phase","selected_source_role","phase181_promoted","claim_status","scenario_label","mechanism_detail","scenario_order","numerical_winner","headline_metric","winner_interpretation","mixing_is_promotion_veto","scalar_predictive_density_claim"
"asymmetric_laplace_tail","asymmetric_laplace_tail__exqdesn_rhs_independent_vb","asymmetric_laplace_tail__exqdesn_rhs_independent_vb","asymmetric_laplace_tail__exqdesn_rhs_independent_vb__phase172_retained","asymmetric_laplace_tail","article_fixture","article_evaluation","independent","exAL","phase172_retained_final_control","frozen_base_fixture","asymmetric_laplace","ar1_seasonal_location_scale",0.316773301926372,0.316503763176432,0.31471287703234,0.320508045264169,0.00410942474049135,0.315514816286761,1.01096961027539,1.00377838948629,4355.90739990307,5706.65880504802,2.27064166238963e-05,1004214,0,0.00178075284276516,0.622347978227967,"pass",47520000,0.0211324494949495,"review",0.314347866371965,0.313073318416431,0.312663877185881,0.00168398918608387,0,0,8.7493144042903e-17,1.77635683940025e-15,"exqdesn_rhs_independent_vb","exqdesn_rhs_independent_mcmc","Independent exQDESN RHS","exAL","reuse_phase172_verified_draws","phase172","phase180_unaffected_retained",FALSE,"descriptive_review","Asymmetric Laplace Tail","Asymmetric Laplace; seasonal AR(1) location-scale",1,FALSE,"DGP-integrated finite-grid quantile score","descriptive_numerical_minimum",FALSE,FALSE
"asymmetric_laplace_tail","asymmetric_laplace_tail__joint_exqdesn_rhs_vb","asymmetric_laplace_tail__joint_exqdesn_rhs_vb","asymmetric_laplace_tail__joint_exqdesn_rhs_vb__phase172_retained","asymmetric_laplace_tail","article_fixture","article_evaluation","joint","exAL","phase172_retained_final_control","frozen_base_fixture","asymmetric_laplace","ar1_seasonal_location_scale",0.316348003482585,0.316040803597745,0.314344204879885,0.320005869295222,0.00368412629670369,0.3149488695066,1.06059986198637,1.02036306925423,130.156821401535,203.721108290459,0.000129458540975716,420000,0,0.000623520545939478,0.453623226755118,"review",47520000,0.00883838383838384,"pass",0.31454747586113,0.31316713881876,0.312663877185881,0.00188359867524934,0,0,8.46875479795916e-17,1.77635683940025e-15,"joint_exqdesn_rhs_vb","joint_exqdesn_rhs_mcmc","Joint exQDESN RHS","exAL","reuse_phase172_verified_draws","phase172","phase181_promoted_lower_mean",TRUE,"descriptive_review","Asymmetric Laplace Tail","Asymmetric Laplace; seasonal AR(1) location-scale",1,TRUE,"DGP-integrated finite-grid quantile score","descriptive_numerical_minimum",FALSE,FALSE
"asymmetric_laplace_tail","asymmetric_laplace_tail__joint_qdesn_rhs_vb","asymmetric_laplace_tail__joint_qdesn_rhs_vb","asymmetric_laplace_tail__joint_qdesn_rhs_vb__article","asymmetric_laplace_tail","article_fixture","article_evaluation","joint","AL","frozen_article_control","frozen_base_fixture","asymmetric_laplace","ar1_seasonal_location_scale",0.317002607750402,0.316643817379747,0.314667665954849,0.321273736176476,0.00433873056452132,0.315602252475665,1.1412412238055,1.03419692253423,53.9240097596614,328.325112495731,0.000234771951864378,172309,0,0.000275339764450582,0.555775198715506,"review",47520000,0.00362603114478114,"pass",0.314925434293005,0.313563190895776,0.312663877185881,0.00226155710712389,1,0,2.36112668483217e-06,0.00818130396263772,"joint_qdesn_rhs_vb","joint_qdesn_rhs_mcmc","Joint QDESN RHS","AL","rerun_retained_draws","phase154_controls_phase180_rerun","phase180_retained_after_extension_comparison",FALSE,"descriptive_review","Asymmetric Laplace Tail","Asymmetric Laplace; seasonal AR(1) location-scale",1,FALSE,"DGP-integrated finite-grid quantile score","descriptive_numerical_minimum",FALSE,FALSE
"asymmetric_laplace_tail","asymmetric_laplace_tail__qdesn_rhs_independent_vb","asymmetric_laplace_tail__qdesn_rhs_independent_vb","asymmetric_laplace_tail__qdesn_rhs_independent_vb__article","asymmetric_laplace_tail","article_fixture","article_evaluation","independent","AL","frozen_article_control","frozen_base_fixture","asymmetric_laplace","ar1_seasonal_location_scale",0.316715573171521,0.316513010382379,0.314906810778701,0.319621434284601,0.00405169598564055,0.315719344066792,1.015136049362,1.00308111184878,830.122088106719,4577.53092562024,4.25336139870574e-05,725223,0,0.00154665251460479,0.746905333045925,"pass",47520000,0.0152614267676768,"review",0.314491656104465,0.313523782507496,0.312663877185881,0.00182777891858404,6,0,7.16852028172681e-05,0.157895957175382,"qdesn_rhs_independent_vb","qdesn_rhs_independent_mcmc","Independent QDESN RHS","AL","rerun_retained_draws","phase154_controls_phase180_rerun","phase180_unaffected_retained",FALSE,"descriptive_review","Asymmetric Laplace Tail","Asymmetric Laplace; seasonal AR(1) location-scale",1,FALSE,"DGP-integrated finite-grid quantile score","descriptive_numerical_minimum",FALSE,FALSE
"gaussian_mixture_bridge","gaussian_mixture_bridge__exqdesn_rhs_independent_vb","gaussian_mixture_bridge__exqdesn_rhs_independent_vb","gaussian_mixture_bridge__exqdesn_rhs_independent_vb__phase172_retained","gaussian_mixture_bridge","article_fixture","article_evaluation","independent","exAL","phase172_retained_final_control","frozen_base_fixture","gaussian_mixture","ar1_seasonal_location_scale",0.387164532594699,0.386888251671638,0.384206899047435,0.391698906044769,0.00601516693209913,0.405654413918697,1.00823227698794,1.00210951359385,7798.42318928062,7856.8394614982,2.18888883070324e-05,1346001,0,0.00276422087653727,0.451010881602134,"pass",47520000,0.0283249368686869,"review",0.383816350000674,0.402392965176382,0.3811493656626,0.00266698433807444,0,0,6.40190562098292e-17,8.88178419700125e-16,"exqdesn_rhs_independent_vb","exqdesn_rhs_independent_mcmc","Independent exQDESN RHS","exAL","reuse_phase172_verified_draws","phase172","phase180_unaffected_retained",FALSE,"descriptive_review","Gaussian-Mixture Bridge","Gaussian mixture; seasonal AR(1) location-scale",2,FALSE,"DGP-integrated finite-grid quantile score","descriptive_numerical_minimum",FALSE,FALSE
"gaussian_mixture_bridge","gaussian_mixture_bridge__joint_exqdesn_rhs_vb","gaussian_mixture_bridge__joint_exqdesn_rhs_vb","gaussian_mixture_bridge__joint_exqdesn_rhs_vb__phase172_retained","gaussian_mixture_bridge","article_fixture","article_evaluation","joint","exAL","phase172_retained_final_control","frozen_base_fixture","gaussian_mixture","ar1_seasonal_location_scale",0.386981891348286,0.386757294456638,0.384149561148936,0.391079756968141,0.00583252568568617,0.405718079477701,1.01024762079422,1.00166289892721,640.588248215579,1575.90607579419,7.0628492967318e-05,728996,0,0.00124530599217637,0.388141339911297,"pass",47520000,0.0153408249158249,"review",0.384670153302515,0.403542188295395,0.3811493656626,0.00352078763991509,0,0,6.51284782077411e-17,8.88178419700125e-16,"joint_exqdesn_rhs_vb","joint_exqdesn_rhs_mcmc","Joint exQDESN RHS","exAL","reuse_phase172_verified_draws","phase172","phase180_unaffected_retained",FALSE,"descriptive_review","Gaussian-Mixture Bridge","Gaussian mixture; seasonal AR(1) location-scale",2,FALSE,"DGP-integrated finite-grid quantile score","descriptive_numerical_minimum",FALSE,FALSE
"gaussian_mixture_bridge","gaussian_mixture_bridge__joint_qdesn_rhs_vb","gaussian_mixture_bridge__joint_qdesn_rhs_vb","gaussian_mixture_bridge__joint_qdesn_rhs_vb__article","gaussian_mixture_bridge","article_fixture","article_evaluation","joint","AL","frozen_article_control","frozen_base_fixture","gaussian_mixture","ar1_seasonal_location_scale",0.386577008170869,0.3864439344484,0.384251097862306,0.389707726203323,0.00542764250826903,0.404232043917524,1.01034580226052,1.00356183545406,979.952547312343,1057.32935342844,4.45896394036353e-05,147950,0,0.000155451735546889,0.283830662006046,"pass",47520000,0.00311342592592593,"pass",0.384701117174211,0.402484421774283,0.3811493656626,0.00355175151161108,0,0,6.79691191897591e-17,8.88178419700125e-16,"joint_qdesn_rhs_vb","joint_qdesn_rhs_mcmc","Joint QDESN RHS","AL","rerun_retained_draws","phase154_controls_phase180_rerun","phase180_unaffected_retained",FALSE,"descriptive_hard_gates_pass","Gaussian-Mixture Bridge","Gaussian mixture; seasonal AR(1) location-scale",2,FALSE,"DGP-integrated finite-grid quantile score","descriptive_numerical_minimum",FALSE,FALSE
"gaussian_mixture_bridge","gaussian_mixture_bridge__qdesn_rhs_independent_vb","gaussian_mixture_bridge__qdesn_rhs_independent_vb","gaussian_mixture_bridge__qdesn_rhs_independent_vb__article","gaussian_mixture_bridge","article_fixture","article_evaluation","independent","AL","frozen_article_control","frozen_base_fixture","gaussian_mixture","ar1_seasonal_location_scale",0.386544806770438,0.386389140725838,0.384366979552608,0.389491857706858,0.00539544110783857,0.404304034145092,1.00515605094231,1.00095212070503,7149.95080998858,7127.11287692408,1.55357870239183e-05,546427,0,0.000720886898818584,0.398348507515963,"pass",47520000,0.0114988846801347,"review",0.384315392931433,0.402098289254352,0.3811493656626,0.0031660272688333,0,0,6.49657696566033e-17,8.88178419700125e-16,"qdesn_rhs_independent_vb","qdesn_rhs_independent_mcmc","Independent QDESN RHS","AL","rerun_retained_draws","phase154_controls_phase180_rerun","phase180_unaffected_retained",FALSE,"descriptive_review","Gaussian-Mixture Bridge","Gaussian mixture; seasonal AR(1) location-scale",2,TRUE,"DGP-integrated finite-grid quantile score","descriptive_numerical_minimum",FALSE,FALSE
"laplace_bridge","laplace_bridge__exqdesn_rhs_independent_vb","laplace_bridge__exqdesn_rhs_independent_vb","laplace_bridge__exqdesn_rhs_independent_vb__parity","laplace_bridge","article_fixture","article_evaluation","independent","exAL","phase179_final_case_specific_control","frozen_base_fixture","laplace","ar1_seasonal_location_scale",0.323118854220114,0.322704273326781,0.32059672380963,0.328177441894328,0.0047535242741671,0.312487731883497,1.0146741749708,1.00854705680692,800.38722116094,3628.13478751947,6.94035859634465e-05,2192706,0,0.00476725239526563,0.480786415310969,"pass",47520000,0.046142803030303,"review",0.319866809285615,0.309195292908492,0.318365329945947,0.00150147933966799,0,0,6.75125339631816e-17,8.88178419700125e-16,"exqdesn_rhs_independent_vb","exqdesn_rhs_independent_mcmc","Independent exQDESN RHS","exAL","rerun_phase179_final_control","phase179","phase181_promoted_lower_mean",TRUE,"descriptive_review","Laplace Bridge","Laplace; seasonal AR(1) location-scale",3,FALSE,"DGP-integrated finite-grid quantile score","descriptive_numerical_minimum",FALSE,FALSE
"laplace_bridge","laplace_bridge__joint_exqdesn_rhs_vb","laplace_bridge__joint_exqdesn_rhs_vb","laplace_bridge__joint_exqdesn_rhs_vb__phase172_retained","laplace_bridge","article_fixture","article_evaluation","joint","exAL","phase172_retained_final_control","frozen_base_fixture","laplace","ar1_seasonal_location_scale",0.322037318840475,0.321788004530861,0.320134446811195,0.325421645185452,0.00367198889452792,0.311618404219494,1.02848347853321,1.00900752963361,203.623193329375,431.274060097219,9.57119882210721e-05,628359,0,0.000873573247288707,0.354642991391721,"review",47520000,0.0132230429292929,"review",0.320206224044576,0.309806799769658,0.318365329945947,0.00184089409862898,0,0,6.81711281140179e-17,8.88178419700125e-16,"joint_exqdesn_rhs_vb","joint_exqdesn_rhs_mcmc","Joint exQDESN RHS","exAL","reuse_phase172_verified_draws","phase172","phase180_retained_after_extension_comparison",FALSE,"descriptive_review","Laplace Bridge","Laplace; seasonal AR(1) location-scale",3,FALSE,"DGP-integrated finite-grid quantile score","descriptive_numerical_minimum",FALSE,FALSE
"laplace_bridge","laplace_bridge__joint_qdesn_rhs_vb","laplace_bridge__joint_qdesn_rhs_vb","laplace_bridge__joint_qdesn_rhs_vb__article","laplace_bridge","article_fixture","article_evaluation","joint","AL","frozen_article_control","frozen_base_fixture","laplace","ar1_seasonal_location_scale",0.32201667323346,0.321788115402904,0.320358251040411,0.325157360756834,0.0036513432875136,0.312596897408109,1.12194670800258,1.07616481770946,56.7606157658289,68.9898401196889,0.000157566567639138,163558,0,0.000219974672717953,0.336521925874936,"review",47520000,0.0034418771043771,"pass",0.320380876438529,0.310994874465884,0.318365329945947,0.00201554649258229,0,0,6.78119176972752e-17,8.88178419700125e-16,"joint_qdesn_rhs_vb","joint_qdesn_rhs_mcmc","Joint QDESN RHS","AL","rerun_retained_draws","phase154_controls_phase180_rerun","phase180_retained_after_extension_comparison",FALSE,"descriptive_review","Laplace Bridge","Laplace; seasonal AR(1) location-scale",3,TRUE,"DGP-integrated finite-grid quantile score","descriptive_numerical_minimum",FALSE,FALSE
"laplace_bridge","laplace_bridge__qdesn_rhs_independent_vb","laplace_bridge__qdesn_rhs_independent_vb","laplace_bridge__qdesn_rhs_independent_vb__article","laplace_bridge","article_fixture","article_evaluation","independent","AL","frozen_article_control","frozen_base_fixture","laplace","ar1_seasonal_location_scale",0.322807422002477,0.322686305957584,0.320972347955004,0.325311435493564,0.00444209205653019,0.31295316547628,1.01009382708559,1.00360753552611,5830.17014908334,7334.64244610439,1.45562700614451e-05,1019563,0,0.0019834385797293,0.455358011940674,"pass",47520000,0.0214554503367003,"review",0.320960420141254,0.311077705372125,0.318365329945947,0.00259509019530701,10,0,6.12554469849528e-05,0.046284740414169,"qdesn_rhs_independent_vb","qdesn_rhs_independent_mcmc","Independent QDESN RHS","AL","rerun_retained_draws","phase154_controls_phase180_rerun","phase180_unaffected_retained",FALSE,"descriptive_review","Laplace Bridge","Laplace; seasonal AR(1) location-scale",3,FALSE,"DGP-integrated finite-grid quantile score","descriptive_numerical_minimum",FALSE,FALSE
"nonlinear_reservoir_friendly","nonlinear_reservoir_friendly__exqdesn_rhs_independent_vb","nonlinear_reservoir_friendly__exqdesn_rhs_independent_vb","nonlinear_reservoir_friendly__exqdesn_rhs_independent_vb__phase172_retained","nonlinear_reservoir_friendly","article_fixture","article_evaluation","independent","exAL","phase172_retained_final_control","frozen_base_fixture","gaussian_mixture","nonlinear_reservoir_friendly",0.430238999184445,0.430002975032108,0.426208888436799,0.435586780651562,0.009872488391209,0.435048400256246,1.00205825137577,1.00119276513563,7832.99316447795,7712.11949596022,2.68384493324859e-05,1414675,0,0.00287810352889922,0.74486190024072,"pass",47520000,0.0297700968013468,"review",0.426426166103889,0.431374010993476,0.420366510793236,0.00605965531065283,0,0,7.77101046651071e-17,8.88178419700125e-16,"exqdesn_rhs_independent_vb","exqdesn_rhs_independent_mcmc","Independent exQDESN RHS","exAL","reuse_phase172_verified_draws","phase172","phase180_unaffected_retained",FALSE,"descriptive_review","Nonlinear Reservoir Friendly","Gaussian mixture; nonlinear reservoir dynamics",4,FALSE,"DGP-integrated finite-grid quantile score","descriptive_numerical_minimum",FALSE,FALSE
"nonlinear_reservoir_friendly","nonlinear_reservoir_friendly__joint_exqdesn_rhs_vb","nonlinear_reservoir_friendly__joint_exqdesn_rhs_vb","nonlinear_reservoir_friendly__joint_exqdesn_rhs_vb__phase172_retained","nonlinear_reservoir_friendly","article_fixture","article_evaluation","joint","exAL","phase172_retained_final_control","frozen_base_fixture","gaussian_mixture","nonlinear_reservoir_friendly",0.429313242968698,0.429080631063735,0.425765269687944,0.434221505413579,0.00894673217546181,0.432750301669401,1.00350152383951,1.00153621511457,1274.76089971714,1700.50629524861,6.03990271597634e-05,529288,0,0.000785666690365403,0.562606289301794,"pass",47520000,0.0111382154882155,"review",0.426929976849092,0.430537350284864,0.420366510793236,0.00656346605585578,0,0,7.43953559971583e-17,7.7715611723761e-16,"joint_exqdesn_rhs_vb","joint_exqdesn_rhs_mcmc","Joint exQDESN RHS","exAL","reuse_phase172_verified_draws","phase172","phase181_promoted_lower_mean",TRUE,"descriptive_review","Nonlinear Reservoir Friendly","Gaussian mixture; nonlinear reservoir dynamics",4,FALSE,"DGP-integrated finite-grid quantile score","descriptive_numerical_minimum",FALSE,FALSE
"nonlinear_reservoir_friendly","nonlinear_reservoir_friendly__joint_qdesn_rhs_vb","nonlinear_reservoir_friendly__joint_qdesn_rhs_vb","nonlinear_reservoir_friendly__joint_qdesn_rhs_vb__article","nonlinear_reservoir_friendly","article_fixture","article_evaluation","joint","AL","frozen_article_control","frozen_base_fixture","gaussian_mixture","nonlinear_reservoir_friendly",0.427281355156127,0.427158770250065,0.424681131860797,0.430525625342171,0.00691484436289057,0.430246423715624,1.00266895409224,1.00117400234031,1785.83043328603,3696.08323100508,3.55270040604214e-05,60218,0,8.6469864245857e-05,0.377981881281606,"pass",47520000,0.0012672138047138,"pass",0.425172383850454,0.428254006428088,0.420366510793236,0.00480587305721752,0,0,8.3396893687797e-17,8.88178419700125e-16,"joint_qdesn_rhs_vb","joint_qdesn_rhs_mcmc","Joint QDESN RHS","AL","rerun_retained_draws","phase154_controls_phase180_rerun","phase180_unaffected_retained",FALSE,"descriptive_hard_gates_pass","Nonlinear Reservoir Friendly","Gaussian mixture; nonlinear reservoir dynamics",4,TRUE,"DGP-integrated finite-grid quantile score","descriptive_numerical_minimum",FALSE,FALSE
"nonlinear_reservoir_friendly","nonlinear_reservoir_friendly__qdesn_rhs_independent_vb","nonlinear_reservoir_friendly__qdesn_rhs_independent_vb","nonlinear_reservoir_friendly__qdesn_rhs_independent_vb__article","nonlinear_reservoir_friendly","article_fixture","article_evaluation","independent","AL","frozen_article_control","frozen_base_fixture","gaussian_mixture","nonlinear_reservoir_friendly",0.428456530963533,0.428308106357084,0.425391239694707,0.432341094772905,0.00809002017029643,0.433229816408607,1.00255774110846,0.99956449504387,7649.42877767694,6977.99850700353,2.05503780870676e-05,475004,0,0.00106014384305588,0.737916815599277,"pass",47520000,0.00999587542087542,"pass",0.425446739494555,0.43038201725432,0.420366510793236,0.00508022870131836,1,0,1.82931152190117e-06,0.00633856442309633,"qdesn_rhs_independent_vb","qdesn_rhs_independent_mcmc","Independent QDESN RHS","AL","rerun_retained_draws","phase154_controls_phase180_rerun","phase180_unaffected_retained",FALSE,"descriptive_hard_gates_pass","Nonlinear Reservoir Friendly","Gaussian mixture; nonlinear reservoir dynamics",4,FALSE,"DGP-integrated finite-grid quantile score","descriptive_numerical_minimum",FALSE,FALSE
"normal_bridge","normal_bridge__exqdesn_rhs_independent_vb","normal_bridge__exqdesn_rhs_independent_vb","normal_bridge__exqdesn_rhs_independent_vb__tau0_upper","normal_bridge","article_fixture","article_evaluation","independent","exAL","phase179_final_case_specific_control","frozen_base_fixture","gaussian","ar1_seasonal_location_scale",0.311988992226769,0.311648318049873,0.308700202293495,0.317301314282896,0.0063382238965932,0.311642878737117,1.0118991621482,1.0054292549324,2181.14478947841,4585.08788284365,4.76507379885326e-05,2080558,0,0.00463092569936383,0.518111946927218,"pass",47520000,0.0437827861952862,"review",0.308946586631321,0.308651299008685,0.305650768330176,0.00329581830114517,0,0,5.72073252966574e-17,8.88178419700125e-16,"exqdesn_rhs_independent_vb","exqdesn_rhs_independent_mcmc","Independent exQDESN RHS","exAL","rerun_phase179_final_control","phase179","phase181_promoted_lower_mean",TRUE,"descriptive_review","Normal Bridge","Gaussian; seasonal AR(1) location-scale",5,FALSE,"DGP-integrated finite-grid quantile score","descriptive_numerical_minimum",FALSE,FALSE
"normal_bridge","normal_bridge__joint_exqdesn_rhs_vb","normal_bridge__joint_exqdesn_rhs_vb","normal_bridge__joint_exqdesn_rhs_vb__phase172_retained","normal_bridge","article_fixture","article_evaluation","joint","exAL","phase172_retained_final_control","frozen_base_fixture","gaussian","ar1_seasonal_location_scale",0.311861004505202,0.311395132654192,0.3084117069264,0.317901350592624,0.00621023617502563,0.311599133494192,1.11147800846673,1.02556671671956,63.4795690389275,186.907830597307,0.000307981716246966,1205421,0,0.00208102204022806,0.388457215996264,"review",47520000,0.0253666035353535,"review",0.309567699148495,0.309237426204181,0.305650768330176,0.00391693081831901,0,0,5.71652713942094e-17,8.88178419700125e-16,"joint_exqdesn_rhs_vb","joint_exqdesn_rhs_mcmc","Joint exQDESN RHS","exAL","reuse_phase172_verified_draws","phase172","phase181_promoted_lower_mean",TRUE,"descriptive_review","Normal Bridge","Gaussian; seasonal AR(1) location-scale",5,FALSE,"DGP-integrated finite-grid quantile score","descriptive_numerical_minimum",FALSE,FALSE
"normal_bridge","normal_bridge__joint_qdesn_rhs_vb","normal_bridge__joint_qdesn_rhs_vb","normal_bridge__joint_qdesn_rhs_vb__article","normal_bridge","article_fixture","article_evaluation","joint","AL","frozen_article_control","frozen_base_fixture","gaussian","ar1_seasonal_location_scale",0.310095568091147,0.309880029576911,0.307950376706533,0.313476285009436,0.00444479976097105,0.309669242129221,1.0400806929436,1.01493647007256,179.841950301676,563.616272901489,0.000105565271653487,311056,0,0.000380194013632809,0.2552527460781,"review",47520000,0.00654579124579125,"pass",0.308334434151693,0.307822781314685,0.305650768330176,0.00268366582151669,0,0,5.85520488915993e-17,8.88178419700125e-16,"joint_qdesn_rhs_vb","joint_qdesn_rhs_mcmc","Joint QDESN RHS","AL","rerun_retained_draws","phase154_controls_phase180_rerun","phase181_promoted_lower_mean",TRUE,"descriptive_review","Normal Bridge","Gaussian; seasonal AR(1) location-scale",5,TRUE,"DGP-integrated finite-grid quantile score","descriptive_numerical_minimum",FALSE,FALSE
"normal_bridge","normal_bridge__qdesn_rhs_independent_vb","normal_bridge__qdesn_rhs_independent_vb","normal_bridge__qdesn_rhs_independent_vb__article","normal_bridge","article_fixture","article_evaluation","independent","AL","frozen_article_control","frozen_base_fixture","gaussian","ar1_seasonal_location_scale",0.310849754044041,0.310641543580293,0.308441277714184,0.314400234767945,0.00519898571386469,0.310441484288569,1.0183207084785,1.00155939185023,597.140298552128,6377.1614958258,6.20371185851306e-05,661596,0,0.000975621640257355,0.281791230382013,"pass",47520000,0.0139224747474747,"review",0.308621181841308,0.308122156529376,0.305650768330176,0.00297041351113198,1,0,2.08491225370705e-06,0.00722422095889508,"qdesn_rhs_independent_vb","qdesn_rhs_independent_mcmc","Independent QDESN RHS","AL","rerun_retained_draws","phase154_controls_phase180_rerun","phase180_unaffected_retained",FALSE,"descriptive_review","Normal Bridge","Gaussian; seasonal AR(1) location-scale",5,FALSE,"DGP-integrated finite-grid quantile score","descriptive_numerical_minimum",FALSE,FALSE
"persistent_heavy_tail","persistent_heavy_tail__exqdesn_rhs_independent_vb","persistent_heavy_tail__exqdesn_rhs_independent_vb","persistent_heavy_tail__exqdesn_rhs_independent_vb__parity","persistent_heavy_tail","article_fixture","article_evaluation","independent","exAL","phase179_final_case_specific_control","frozen_base_fixture","student_t","ar1_seasonal_location_scale",0.362918110418068,0.36261428312498,0.360051626302755,0.36772673386902,0.00631925035675098,0.35234246619099,1.01693017582497,1.00471556103247,1033.44863501287,6792.64800489685,6.11250385314774e-05,1515368,0,0.00286405489161345,0.415143793995467,"pass",47520000,0.0318890572390572,"review",0.360022440398076,0.349397744417334,0.356598860061317,0.00342358033675894,0,0,8.71837474748932e-17,1.77635683940025e-15,"exqdesn_rhs_independent_vb","exqdesn_rhs_independent_mcmc","Independent exQDESN RHS","exAL","rerun_phase179_final_control","phase179","phase181_promoted_lower_mean",TRUE,"descriptive_review","Persistent Heavy Tail","Student-t; persistent seasonal AR(1) dynamics",6,TRUE,"DGP-integrated finite-grid quantile score","descriptive_numerical_minimum",FALSE,FALSE
"persistent_heavy_tail","persistent_heavy_tail__joint_exqdesn_rhs_vb","persistent_heavy_tail__joint_exqdesn_rhs_vb","persistent_heavy_tail__joint_exqdesn_rhs_vb__phase172_retained","persistent_heavy_tail","article_fixture","article_evaluation","joint","exAL","phase172_retained_final_control","frozen_base_fixture","student_t","ar1_seasonal_location_scale",0.364307941635654,0.363944513141461,0.360816959738861,0.369757536175995,0.007709081574337,0.35388005306764,1.05210038318182,1.0178941402563,182.175808166842,650.563496441613,0.000170086546478333,570349,0,0.000784188412370187,0.323460766454349,"review",47520000,0.0120022937710438,"review",0.362248283819629,0.351720839571859,0.356598860061317,0.00564942375831168,0,0,8.41098074626284e-17,8.88178419700125e-16,"joint_exqdesn_rhs_vb","joint_exqdesn_rhs_mcmc","Joint exQDESN RHS","exAL","reuse_phase172_verified_draws","phase172","phase181_promoted_lower_mean",TRUE,"descriptive_review","Persistent Heavy Tail","Student-t; persistent seasonal AR(1) dynamics",6,FALSE,"DGP-integrated finite-grid quantile score","descriptive_numerical_minimum",FALSE,FALSE
"persistent_heavy_tail","persistent_heavy_tail__joint_qdesn_rhs_vb","persistent_heavy_tail__joint_qdesn_rhs_vb","persistent_heavy_tail__joint_qdesn_rhs_vb__article","persistent_heavy_tail","article_fixture","article_evaluation","joint","AL","frozen_article_control","frozen_base_fixture","student_t","ar1_seasonal_location_scale",0.364425109647277,0.364243754461716,0.36136351388518,0.368485705580954,0.00782624958596019,0.354382978216301,1.03451925851935,1.00876417764448,285.138326452406,592.791887009079,0.00010778852250392,205786,0,0.00022399177005281,0.271074223002846,"review",47520000,0.00433051346801347,"pass",0.362748957402307,0.352674114282854,0.356598860061317,0.00615009734098976,0,0,8.65048773353768e-17,1.77635683940025e-15,"joint_qdesn_rhs_vb","joint_qdesn_rhs_mcmc","Joint QDESN RHS","AL","rerun_retained_draws","phase154_controls_phase180_rerun","phase180_retained_after_extension_comparison",FALSE,"descriptive_review","Persistent Heavy Tail","Student-t; persistent seasonal AR(1) dynamics",6,FALSE,"DGP-integrated finite-grid quantile score","descriptive_numerical_minimum",FALSE,FALSE
"persistent_heavy_tail","persistent_heavy_tail__qdesn_rhs_independent_vb","persistent_heavy_tail__qdesn_rhs_independent_vb","persistent_heavy_tail__qdesn_rhs_independent_vb__article","persistent_heavy_tail","article_fixture","article_evaluation","independent","AL","frozen_article_control","frozen_base_fixture","student_t","ar1_seasonal_location_scale",0.363558707186034,0.363365375401658,0.360729190453782,0.367473815663084,0.00695984712471714,0.353423732697892,1.00499434695999,1.00011876537461,7440.909087944,7394.38121407365,2.01603008559114e-05,763135,0,0.00126808340589635,0.387549090360787,"pass",47520000,0.0160592382154882,"review",0.361033448846285,0.350832728313492,0.356598860061317,0.00443458878496772,0,0,8.30224136993321e-17,1.77635683940025e-15,"qdesn_rhs_independent_vb","qdesn_rhs_independent_mcmc","Independent QDESN RHS","AL","rerun_retained_draws","phase154_controls_phase180_rerun","phase181_promoted_lower_mean",TRUE,"descriptive_review","Persistent Heavy Tail","Student-t; persistent seasonal AR(1) dynamics",6,FALSE,"DGP-integrated finite-grid quantile score","descriptive_numerical_minimum",FALSE,FALSE
"regime_shift","regime_shift__exqdesn_rhs_independent_vb","regime_shift__exqdesn_rhs_independent_vb","regime_shift__exqdesn_rhs_independent_vb__tau0_lower","regime_shift","article_fixture","article_evaluation","independent","exAL","phase179_final_case_specific_control","frozen_base_fixture","student_t","regime_shift_location_scale",0.431461958088566,0.430359308142528,0.42639202304072,0.442593940013793,0.00791621571875211,0.449152156300681,1.01023988451682,1.00188561785408,5640.65612419439,7857.8332323962,5.76754845182777e-05,1674325,0,0.00365904636189544,0.638179095778194,"pass",47520000,0.035234111952862,"review",0.426664487558861,0.444236600170238,0.423545742369814,0.00311874518904726,0,0,5.96284285375878e-17,8.88178419700125e-16,"exqdesn_rhs_independent_vb","exqdesn_rhs_independent_mcmc","Independent exQDESN RHS","exAL","rerun_phase179_final_control","phase179","phase181_promoted_lower_mean",TRUE,"descriptive_review","Regime Shift","Student-t; regime-shift location-scale",7,FALSE,"DGP-integrated finite-grid quantile score","descriptive_numerical_minimum",FALSE,FALSE
"regime_shift","regime_shift__joint_exqdesn_rhs_vb","regime_shift__joint_exqdesn_rhs_vb","regime_shift__joint_exqdesn_rhs_vb__tau0_lower","regime_shift","article_fixture","article_evaluation","joint","exAL","phase179_final_case_specific_control","frozen_base_fixture","student_t","regime_shift_location_scale",0.43940908015761,0.437242946623993,0.426935239139546,0.463938351685912,0.0158633377877963,0.456236370383496,1.0109777271187,1.00056929375054,648.504490198519,1926.95855102545,0.000384728379862222,841397,0,0.00145286217415262,0.520521652232677,"pass",47520000,0.0177061658249158,"review",0.435669062943379,0.452606555174869,0.423545742369814,0.0121233205735652,0,0,5.72653997333712e-17,8.88178419700125e-16,"joint_exqdesn_rhs_vb","joint_exqdesn_rhs_mcmc","Joint exQDESN RHS","exAL","rerun_phase179_final_control","phase179","phase181_promoted_lower_mean",TRUE,"descriptive_review","Regime Shift","Student-t; regime-shift location-scale",7,FALSE,"DGP-integrated finite-grid quantile score","descriptive_numerical_minimum",FALSE,FALSE
"regime_shift","regime_shift__joint_qdesn_rhs_vb","regime_shift__joint_qdesn_rhs_vb","regime_shift__joint_qdesn_rhs_vb__article","regime_shift","article_fixture","article_evaluation","joint","AL","frozen_article_control","frozen_base_fixture","student_t","regime_shift_location_scale",0.436914516942461,0.434879958556654,0.426441631357576,0.458659321857868,0.0133687745726475,0.45381281164253,1.02271185015542,1.00175805679048,496.04571915091,4106.04782632323,0.000383651837339253,174345,0,0.000256013140230674,0.552256584881692,"pass",47520000,0.00366887626262626,"pass",0.433315179484623,0.450147522273933,0.423545742369814,0.00976943711480938,0,0,5.80664264466649e-17,8.88178419700125e-16,"joint_qdesn_rhs_vb","joint_qdesn_rhs_mcmc","Joint QDESN RHS","AL","rerun_retained_draws","phase154_controls_phase180_rerun","phase180_unaffected_retained",FALSE,"descriptive_hard_gates_pass","Regime Shift","Student-t; regime-shift location-scale",7,FALSE,"DGP-integrated finite-grid quantile score","descriptive_numerical_minimum",FALSE,FALSE
"regime_shift","regime_shift__qdesn_rhs_independent_vb","regime_shift__qdesn_rhs_independent_vb","regime_shift__qdesn_rhs_independent_vb__article","regime_shift","article_fixture","article_evaluation","independent","AL","frozen_article_control","frozen_base_fixture","student_t","regime_shift_location_scale",0.431083091504623,0.430035578165075,0.426332686390603,0.441652286587046,0.00753734913480956,0.448515570584692,1.01217477808506,1.0061691929608,2935.38688869873,6436.44040053039,7.53569548587595e-05,628492,0,0.0011965548674414,0.877271901741756,"pass",47520000,0.0132258417508418,"review",0.427110425477525,0.444424038292288,0.423545742369814,0.00356468310771141,5,0,3.81615175437154e-05,0.0662497241709434,"qdesn_rhs_independent_vb","qdesn_rhs_independent_mcmc","Independent QDESN RHS","AL","rerun_retained_draws","phase154_controls_phase180_rerun","phase180_unaffected_retained",FALSE,"descriptive_review","Regime Shift","Student-t; regime-shift location-scale",7,TRUE,"DGP-integrated finite-grid quantile score","descriptive_numerical_minimum",FALSE,FALSE
"student_t_location_scale","student_t_location_scale__exqdesn_rhs_independent_vb","student_t_location_scale__exqdesn_rhs_independent_vb","student_t_location_scale__exqdesn_rhs_independent_vb__phase172_retained","student_t_location_scale","article_fixture","article_evaluation","independent","exAL","phase172_retained_final_control","frozen_base_fixture","student_t","ar1_seasonal_location_scale",0.337153672423912,0.33686427768506,0.334800831650966,0.341335210605844,0.00449925457292166,0.365417873693931,1.00389786479942,1.00325201320788,6416.48198674364,6851.5866497605,2.07535111917528e-05,1596153,0,0.00320271710740548,0.656214888757302,"pass",47520000,0.0335890782828283,"review",0.334202528987623,0.362521541329464,0.33265441785099,0.00154811113663217,0,0,7.27792846030881e-17,1.55431223447522e-15,"exqdesn_rhs_independent_vb","exqdesn_rhs_independent_mcmc","Independent exQDESN RHS","exAL","reuse_phase172_verified_draws","phase172","phase181_promoted_lower_mean",TRUE,"descriptive_review","Student-t Location-Scale","Student-t; seasonal AR(1) location-scale",8,FALSE,"DGP-integrated finite-grid quantile score","descriptive_numerical_minimum",FALSE,FALSE
"student_t_location_scale","student_t_location_scale__joint_exqdesn_rhs_vb","student_t_location_scale__joint_exqdesn_rhs_vb","student_t_location_scale__joint_exqdesn_rhs_vb__phase172_retained","student_t_location_scale","article_fixture","article_evaluation","joint","exAL","phase172_retained_final_control","frozen_base_fixture","student_t","ar1_seasonal_location_scale",0.337734206102995,0.337181448885213,0.334647201946397,0.344079747083795,0.00507978825200484,0.366111832445359,1.06138761210525,1.0262340002699,120.843213406232,242.786851824422,0.000220303113625426,786385,0,0.00114652885777941,0.480339027290105,"review",47520000,0.0165485058922559,"review",0.335534743111328,0.364012668237865,0.33265441785099,0.00288032526033755,0,0,7.30346118679505e-17,1.77635683940025e-15,"joint_exqdesn_rhs_vb","joint_exqdesn_rhs_mcmc","Joint exQDESN RHS","exAL","reuse_phase172_verified_draws","phase172","phase181_promoted_lower_mean",TRUE,"descriptive_review","Student-t Location-Scale","Student-t; seasonal AR(1) location-scale",8,FALSE,"DGP-integrated finite-grid quantile score","descriptive_numerical_minimum",FALSE,FALSE
"student_t_location_scale","student_t_location_scale__joint_qdesn_rhs_vb","student_t_location_scale__joint_qdesn_rhs_vb","student_t_location_scale__joint_qdesn_rhs_vb__article","student_t_location_scale","article_fixture","article_evaluation","joint","AL","frozen_article_control","frozen_base_fixture","student_t","ar1_seasonal_location_scale",0.336185778248707,0.335921114667641,0.334308438154886,0.339516818184849,0.00353136039771613,0.363838694971005,1.08547368415717,1.03182820859456,84.2182964586467,152.82527578541,0.000149376773532992,109601,0,0.000212943742223005,0.624953790109778,"review",47520000,0.00230641835016835,"pass",0.334416557785495,0.362177711832955,0.33265441785099,0.00176213993450469,0,0,7.05073725875087e-17,1.11022302462516e-15,"joint_qdesn_rhs_vb","joint_qdesn_rhs_mcmc","Joint QDESN RHS","AL","rerun_retained_draws","phase154_controls_phase180_rerun","phase180_retained_after_extension_comparison",FALSE,"descriptive_review","Student-t Location-Scale","Student-t; seasonal AR(1) location-scale",8,TRUE,"DGP-integrated finite-grid quantile score","descriptive_numerical_minimum",FALSE,FALSE
"student_t_location_scale","student_t_location_scale__qdesn_rhs_independent_vb","student_t_location_scale__qdesn_rhs_independent_vb","student_t_location_scale__qdesn_rhs_independent_vb__article","student_t_location_scale","article_fixture","article_evaluation","independent","AL","frozen_article_control","frozen_base_fixture","student_t","ar1_seasonal_location_scale",0.336798056828395,0.336605538991591,0.334889903140326,0.33980485160061,0.00414363897740484,0.36443301654066,1.03104252593662,1.00751898412073,231.017114332146,5182.70063427721,8.15506550191843e-05,593416,0,0.0011281762213146,0.782971193743663,"review",47520000,0.0124877104377104,"review",0.334497530527167,0.362240071780686,0.33265441785099,0.0018431126761761,2,0,1.88329395679779e-05,0.0637873162556559,"qdesn_rhs_independent_vb","qdesn_rhs_independent_mcmc","Independent QDESN RHS","AL","rerun_retained_draws","phase154_controls_phase180_rerun","phase180_retained_after_extension_comparison",FALSE,"descriptive_review","Student-t Location-Scale","Student-t; seasonal AR(1) location-scale",8,FALSE,"DGP-integrated finite-grid quantile score","descriptive_numerical_minimum",FALSE,FALSE
