"scenario_id","source_model_id","likelihood_family","fit_structure","metric_window","metric_role","metric_label","posterior_mean","posterior_median","posterior_q025","posterior_q975","n_draws","n_chains","draws_per_chain","point_reference_value","canonical_metric_value","canonical_raw_crossing_pairs","canonical_rearranged_crossing_pairs","crossing_opportunities_per_scenario","primary_pairing_seed","packet_manifest_sha256","fixture_manifest_sha256","model_label","scenario_label"
"asymmetric_laplace_tail","joint_qdesn_rhs_vb","AL","joint","fit","oracle_fit_rmse","Fit RMSE against known quantile paths",0.135621588248361,0.135090736919968,0.108625464065883,0.163951859234347,8000,8,1000,0,0.123286358912987,0,0,3000,17819001,"a96200a0dfdb0ad3506f99e737cce75b5f71d68c662a2ee1484376d44ebef624",,"Joint Q--DESN (AL--RHS)","Asymmetric-Laplace tail"
"asymmetric_laplace_tail","qdesn_rhs_independent_vb","AL","independent","fit","oracle_fit_rmse","Fit RMSE against known quantile paths",0.152353551045341,0.152334645484995,0.123177158202026,0.181468385176348,8000,8,1000,0,0.13759810964321,5,0,3000,17819001,"a96200a0dfdb0ad3506f99e737cce75b5f71d68c662a2ee1484376d44ebef624",,"Independent Q--DESN (AL--RHS)","Asymmetric-Laplace tail"
"asymmetric_laplace_tail","joint_exqdesn_rhs_vb","exAL","joint","fit","oracle_fit_rmse","Fit RMSE against known quantile paths",0.140294399956319,0.14061012025962,0.0972546746728376,0.183152903514718,8000,8,1000,0,0.126848841508529,0,0,3000,17819001,"a96200a0dfdb0ad3506f99e737cce75b5f71d68c662a2ee1484376d44ebef624",,"Joint exQDESN (exAL--RHS)","Asymmetric-Laplace tail"
"asymmetric_laplace_tail","exqdesn_rhs_independent_vb","exAL","independent","fit","oracle_fit_rmse","Fit RMSE against known quantile paths",0.143071997553112,0.143474660904831,0.102233387095245,0.183935254809427,8000,8,1000,0,0.125579750627044,0,0,3000,17819001,"a96200a0dfdb0ad3506f99e737cce75b5f71d68c662a2ee1484376d44ebef624",,"Independent exQDESN (exAL--RHS)","Asymmetric-Laplace tail"
"gaussian_mixture_bridge","joint_qdesn_rhs_vb","AL","joint","fit","oracle_fit_rmse","Fit RMSE against known quantile paths",0.141871964080074,0.141588239706758,0.11889949144438,0.16558808678469,8000,8,1000,0,0.127651378521912,0,0,3000,17819001,"a96200a0dfdb0ad3506f99e737cce75b5f71d68c662a2ee1484376d44ebef624",,"Joint Q--DESN (AL--RHS)","Gaussian-mixture innovations"
"gaussian_mixture_bridge","qdesn_rhs_independent_vb","AL","independent","fit","oracle_fit_rmse","Fit RMSE against known quantile paths",0.149338540163094,0.149335502428538,0.126831225125866,0.172090870172453,8000,8,1000,0,0.132587214449636,0,0,3000,17819001,"a96200a0dfdb0ad3506f99e737cce75b5f71d68c662a2ee1484376d44ebef624",,"Independent Q--DESN (AL--RHS)","Gaussian-mixture innovations"
"gaussian_mixture_bridge","joint_exqdesn_rhs_vb","exAL","joint","fit","oracle_fit_rmse","Fit RMSE against known quantile paths",0.143254986838944,0.142721009848214,0.108464579073789,0.181805054070582,8000,8,1000,0,0.119322206279979,0,0,3000,17819001,"a96200a0dfdb0ad3506f99e737cce75b5f71d68c662a2ee1484376d44ebef624",,"Joint exQDESN (exAL--RHS)","Gaussian-mixture innovations"
"gaussian_mixture_bridge","exqdesn_rhs_independent_vb","exAL","independent","fit","oracle_fit_rmse","Fit RMSE against known quantile paths",0.14866015404159,0.14801988409092,0.115505303136143,0.185770350852115,8000,8,1000,0,0.119824261352732,0,0,3000,17819001,"a96200a0dfdb0ad3506f99e737cce75b5f71d68c662a2ee1484376d44ebef624",,"Independent exQDESN (exAL--RHS)","Gaussian-mixture innovations"
"laplace_bridge","joint_qdesn_rhs_vb","AL","joint","fit","oracle_fit_rmse","Fit RMSE against known quantile paths",0.133432745029985,0.133634867376424,0.114494376921731,0.151704159170603,8000,8,1000,0,0.12306000210877,0,0,3000,17819001,"a96200a0dfdb0ad3506f99e737cce75b5f71d68c662a2ee1484376d44ebef624",,"Joint Q--DESN (AL--RHS)","Laplace innovations"
"laplace_bridge","qdesn_rhs_independent_vb","AL","independent","fit","oracle_fit_rmse","Fit RMSE against known quantile paths",0.138702476860804,0.138945368849332,0.120228118955559,0.15625606367734,8000,8,1000,0,0.126092165898472,1,0,3000,17819001,"a96200a0dfdb0ad3506f99e737cce75b5f71d68c662a2ee1484376d44ebef624",,"Independent Q--DESN (AL--RHS)","Laplace innovations"
"laplace_bridge","joint_exqdesn_rhs_vb","exAL","joint","fit","oracle_fit_rmse","Fit RMSE against known quantile paths",0.158834150462467,0.159597420913658,0.121716283809722,0.192844907339321,8000,8,1000,0,0.148859222280579,0,0,3000,17819001,"a96200a0dfdb0ad3506f99e737cce75b5f71d68c662a2ee1484376d44ebef624",,"Joint exQDESN (exAL--RHS)","Laplace innovations"
"laplace_bridge","exqdesn_rhs_independent_vb","exAL","independent","fit","oracle_fit_rmse","Fit RMSE against known quantile paths",0.160970013462037,0.161603233340447,0.124912084254111,0.192872603321048,8000,8,1000,0,0.148467830730225,0,0,3000,17819001,"a96200a0dfdb0ad3506f99e737cce75b5f71d68c662a2ee1484376d44ebef624",,"Independent exQDESN (exAL--RHS)","Laplace innovations"
"nonlinear_reservoir_friendly","joint_qdesn_rhs_vb","AL","joint","fit","oracle_fit_rmse","Fit RMSE against known quantile paths",0.167882947383788,0.167881851377108,0.142824076765486,0.193507348707511,8000,8,1000,0,0.149978899219502,0,0,3000,17819001,"a96200a0dfdb0ad3506f99e737cce75b5f71d68c662a2ee1484376d44ebef624",,"Joint Q--DESN (AL--RHS)","Nonlinear reservoir dynamics"
"nonlinear_reservoir_friendly","qdesn_rhs_independent_vb","AL","independent","fit","oracle_fit_rmse","Fit RMSE against known quantile paths",0.175240501058249,0.175186369103995,0.150075349236148,0.201271032668851,8000,8,1000,0,0.150446413511025,1,0,3000,17819001,"a96200a0dfdb0ad3506f99e737cce75b5f71d68c662a2ee1484376d44ebef624",,"Independent Q--DESN (AL--RHS)","Nonlinear reservoir dynamics"
"nonlinear_reservoir_friendly","joint_exqdesn_rhs_vb","exAL","joint","fit","oracle_fit_rmse","Fit RMSE against known quantile paths",0.21441524882837,0.214260830011409,0.170923858142371,0.257833205367056,8000,8,1000,0,0.197273182978732,0,0,3000,17819001,"a96200a0dfdb0ad3506f99e737cce75b5f71d68c662a2ee1484376d44ebef624",,"Joint exQDESN (exAL--RHS)","Nonlinear reservoir dynamics"
"nonlinear_reservoir_friendly","exqdesn_rhs_independent_vb","exAL","independent","fit","oracle_fit_rmse","Fit RMSE against known quantile paths",0.212082670776839,0.211975102473366,0.169242715076444,0.255236285545203,8000,8,1000,0,0.186916890880489,0,0,3000,17819001,"a96200a0dfdb0ad3506f99e737cce75b5f71d68c662a2ee1484376d44ebef624",,"Independent exQDESN (exAL--RHS)","Nonlinear reservoir dynamics"
"normal_bridge","joint_qdesn_rhs_vb","AL","joint","fit","oracle_fit_rmse","Fit RMSE against known quantile paths",0.116335858304133,0.116306233275871,0.100586038272704,0.132292201253832,8000,8,1000,0,0.105305001478941,0,0,3000,17819001,"a96200a0dfdb0ad3506f99e737cce75b5f71d68c662a2ee1484376d44ebef624",,"Joint Q--DESN (AL--RHS)","Gaussian innovations"
"normal_bridge","qdesn_rhs_independent_vb","AL","independent","fit","oracle_fit_rmse","Fit RMSE against known quantile paths",0.119762183230481,0.119791564493348,0.104060315247213,0.135327185890367,8000,8,1000,0,0.107047667527294,0,0,3000,17819001,"a96200a0dfdb0ad3506f99e737cce75b5f71d68c662a2ee1484376d44ebef624",,"Independent Q--DESN (AL--RHS)","Gaussian innovations"
"normal_bridge","joint_exqdesn_rhs_vb","exAL","joint","fit","oracle_fit_rmse","Fit RMSE against known quantile paths",0.128620238702305,0.128688189694404,0.0972178645941646,0.160338355416747,8000,8,1000,0,0.114534595459176,0,0,3000,17819001,"a96200a0dfdb0ad3506f99e737cce75b5f71d68c662a2ee1484376d44ebef624",,"Joint exQDESN (exAL--RHS)","Gaussian innovations"
"normal_bridge","exqdesn_rhs_independent_vb","exAL","independent","fit","oracle_fit_rmse","Fit RMSE against known quantile paths",0.130541594679758,0.130460454259316,0.100058891223134,0.161553864258863,8000,8,1000,0,0.11296871191994,0,0,3000,17819001,"a96200a0dfdb0ad3506f99e737cce75b5f71d68c662a2ee1484376d44ebef624",,"Independent exQDESN (exAL--RHS)","Gaussian innovations"
"persistent_heavy_tail","joint_qdesn_rhs_vb","AL","joint","fit","oracle_fit_rmse","Fit RMSE against known quantile paths",0.167239130689347,0.167343381381612,0.141246127396694,0.193443006913854,8000,8,1000,0,0.154059268306176,0,0,3000,17819001,"a96200a0dfdb0ad3506f99e737cce75b5f71d68c662a2ee1484376d44ebef624",,"Joint Q--DESN (AL--RHS)","Persistent heavy tails"
"persistent_heavy_tail","qdesn_rhs_independent_vb","AL","independent","fit","oracle_fit_rmse","Fit RMSE against known quantile paths",0.173051716376479,0.172910695045352,0.145104804613204,0.200790163669977,8000,8,1000,0,0.155576859089126,0,0,3000,17819001,"a96200a0dfdb0ad3506f99e737cce75b5f71d68c662a2ee1484376d44ebef624",,"Independent Q--DESN (AL--RHS)","Persistent heavy tails"
"persistent_heavy_tail","joint_exqdesn_rhs_vb","exAL","joint","fit","oracle_fit_rmse","Fit RMSE against known quantile paths",0.147164566635695,0.14725418696744,0.117344762450374,0.176826936699484,8000,8,1000,0,0.132368943954103,0,0,3000,17819001,"a96200a0dfdb0ad3506f99e737cce75b5f71d68c662a2ee1484376d44ebef624",,"Joint exQDESN (exAL--RHS)","Persistent heavy tails"
"persistent_heavy_tail","exqdesn_rhs_independent_vb","exAL","independent","fit","oracle_fit_rmse","Fit RMSE against known quantile paths",0.146155023965738,0.146116221155541,0.116765836071361,0.176107159496816,8000,8,1000,0,0.1257113844685,0,0,3000,17819001,"a96200a0dfdb0ad3506f99e737cce75b5f71d68c662a2ee1484376d44ebef624",,"Independent exQDESN (exAL--RHS)","Persistent heavy tails"
"regime_shift","joint_qdesn_rhs_vb","AL","joint","fit","oracle_fit_rmse","Fit RMSE against known quantile paths",0.126989092933235,0.126208434934084,0.0965468343445364,0.16165110865535,8000,8,1000,0,0.103903272114788,0,0,3000,17819001,"a96200a0dfdb0ad3506f99e737cce75b5f71d68c662a2ee1484376d44ebef624",,"Joint Q--DESN (AL--RHS)","Regime shift"
"regime_shift","qdesn_rhs_independent_vb","AL","independent","fit","oracle_fit_rmse","Fit RMSE against known quantile paths",0.144424794765026,0.144332262744034,0.112062270872932,0.1770959103259,8000,8,1000,0,0.118804696981178,0,0,3000,17819001,"a96200a0dfdb0ad3506f99e737cce75b5f71d68c662a2ee1484376d44ebef624",,"Independent Q--DESN (AL--RHS)","Regime shift"
"regime_shift","joint_exqdesn_rhs_vb","exAL","joint","fit","oracle_fit_rmse","Fit RMSE against known quantile paths",0.137967974981262,0.137769157760519,0.0972552634374697,0.180679087805836,8000,8,1000,0,0.112212377843024,0,0,3000,17819001,"a96200a0dfdb0ad3506f99e737cce75b5f71d68c662a2ee1484376d44ebef624",,"Joint exQDESN (exAL--RHS)","Regime shift"
"regime_shift","exqdesn_rhs_independent_vb","exAL","independent","fit","oracle_fit_rmse","Fit RMSE against known quantile paths",0.138892840864352,0.138468138859559,0.101049392693015,0.180245438430833,8000,8,1000,0,0.103735989984499,0,0,3000,17819001,"a96200a0dfdb0ad3506f99e737cce75b5f71d68c662a2ee1484376d44ebef624",,"Independent exQDESN (exAL--RHS)","Regime shift"
"student_t_location_scale","joint_qdesn_rhs_vb","AL","joint","fit","oracle_fit_rmse","Fit RMSE against known quantile paths",0.0974004761769791,0.0972439082699057,0.0765690708194002,0.119070341884226,8000,8,1000,0,0.0820071149107,0,0,3000,17819001,"a96200a0dfdb0ad3506f99e737cce75b5f71d68c662a2ee1484376d44ebef624",,"Joint Q--DESN (AL--RHS)","Student-t location-scale"
"student_t_location_scale","qdesn_rhs_independent_vb","AL","independent","fit","oracle_fit_rmse","Fit RMSE against known quantile paths",0.107100043627454,0.106958991592247,0.0866602594553903,0.127806728060391,8000,8,1000,0,0.0888105568141302,0,0,3000,17819001,"a96200a0dfdb0ad3506f99e737cce75b5f71d68c662a2ee1484376d44ebef624",,"Independent Q--DESN (AL--RHS)","Student-t location-scale"
"student_t_location_scale","joint_exqdesn_rhs_vb","exAL","joint","fit","oracle_fit_rmse","Fit RMSE against known quantile paths",0.132289190928227,0.132638340832277,0.0967031814385393,0.166173623079567,8000,8,1000,0,0.118396187091639,0,0,3000,17819001,"a96200a0dfdb0ad3506f99e737cce75b5f71d68c662a2ee1484376d44ebef624",,"Joint exQDESN (exAL--RHS)","Student-t location-scale"
"student_t_location_scale","exqdesn_rhs_independent_vb","exAL","independent","fit","oracle_fit_rmse","Fit RMSE against known quantile paths",0.133337412774739,0.133433114096579,0.0999860365347734,0.165939110236397,8000,8,1000,0,0.115471191849645,0,0,3000,17819001,"a96200a0dfdb0ad3506f99e737cce75b5f71d68c662a2ee1484376d44ebef624",,"Independent exQDESN (exAL--RHS)","Student-t location-scale"
"asymmetric_laplace_tail","joint_qdesn_rhs_vb","AL","joint","forecast","dgp_integrated_acrps","Forecast DGP-integrated aCRPS",0.317002607750402,0.316643817379747,0.314667665954849,0.321273736176476,8000,8,1000,0.312663877185881,0.314925434293005,1,0,5940,17819001,"a96200a0dfdb0ad3506f99e737cce75b5f71d68c662a2ee1484376d44ebef624",,"Joint Q--DESN (AL--RHS)","Asymmetric-Laplace tail"
"asymmetric_laplace_tail","qdesn_rhs_independent_vb","AL","independent","forecast","dgp_integrated_acrps","Forecast DGP-integrated aCRPS",0.316715573171521,0.316513010382379,0.314906810778701,0.319621434284601,8000,8,1000,0.312663877185881,0.314491656104465,6,0,5940,17819001,"a96200a0dfdb0ad3506f99e737cce75b5f71d68c662a2ee1484376d44ebef624",,"Independent Q--DESN (AL--RHS)","Asymmetric-Laplace tail"
"asymmetric_laplace_tail","joint_exqdesn_rhs_vb","exAL","joint","forecast","dgp_integrated_acrps","Forecast DGP-integrated aCRPS",0.316348003482585,0.316040803597745,0.314344204879885,0.320005869295222,8000,8,1000,0.312663877185881,0.31454747586113,0,0,5940,17819001,"a96200a0dfdb0ad3506f99e737cce75b5f71d68c662a2ee1484376d44ebef624",,"Joint exQDESN (exAL--RHS)","Asymmetric-Laplace tail"
"asymmetric_laplace_tail","exqdesn_rhs_independent_vb","exAL","independent","forecast","dgp_integrated_acrps","Forecast DGP-integrated aCRPS",0.316773301926372,0.316503763176432,0.31471287703234,0.320508045264169,8000,8,1000,0.312663877185881,0.314347866371965,0,0,5940,17819001,"a96200a0dfdb0ad3506f99e737cce75b5f71d68c662a2ee1484376d44ebef624",,"Independent exQDESN (exAL--RHS)","Asymmetric-Laplace tail"
"gaussian_mixture_bridge","joint_qdesn_rhs_vb","AL","joint","forecast","dgp_integrated_acrps","Forecast DGP-integrated aCRPS",0.386577008170869,0.3864439344484,0.384251097862306,0.389707726203323,8000,8,1000,0.3811493656626,0.384701117174211,0,0,5940,17819001,"a96200a0dfdb0ad3506f99e737cce75b5f71d68c662a2ee1484376d44ebef624",,"Joint Q--DESN (AL--RHS)","Gaussian-mixture innovations"
"gaussian_mixture_bridge","qdesn_rhs_independent_vb","AL","independent","forecast","dgp_integrated_acrps","Forecast DGP-integrated aCRPS",0.386544806770438,0.386389140725838,0.384366979552608,0.389491857706858,8000,8,1000,0.3811493656626,0.384315392931433,0,0,5940,17819001,"a96200a0dfdb0ad3506f99e737cce75b5f71d68c662a2ee1484376d44ebef624",,"Independent Q--DESN (AL--RHS)","Gaussian-mixture innovations"
"gaussian_mixture_bridge","joint_exqdesn_rhs_vb","exAL","joint","forecast","dgp_integrated_acrps","Forecast DGP-integrated aCRPS",0.386981891348286,0.386757294456638,0.384149561148936,0.391079756968141,8000,8,1000,0.3811493656626,0.384670153302515,0,0,5940,17819001,"a96200a0dfdb0ad3506f99e737cce75b5f71d68c662a2ee1484376d44ebef624",,"Joint exQDESN (exAL--RHS)","Gaussian-mixture innovations"
"gaussian_mixture_bridge","exqdesn_rhs_independent_vb","exAL","independent","forecast","dgp_integrated_acrps","Forecast DGP-integrated aCRPS",0.387164532594699,0.386888251671638,0.384206899047435,0.391698906044769,8000,8,1000,0.3811493656626,0.383816350000674,0,0,5940,17819001,"a96200a0dfdb0ad3506f99e737cce75b5f71d68c662a2ee1484376d44ebef624",,"Independent exQDESN (exAL--RHS)","Gaussian-mixture innovations"
"laplace_bridge","joint_qdesn_rhs_vb","AL","joint","forecast","dgp_integrated_acrps","Forecast DGP-integrated aCRPS",0.32201667323346,0.321788115402904,0.320358251040411,0.325157360756834,8000,8,1000,0.318365329945947,0.320380876438529,0,0,5940,17819001,"a96200a0dfdb0ad3506f99e737cce75b5f71d68c662a2ee1484376d44ebef624",,"Joint Q--DESN (AL--RHS)","Laplace innovations"
"laplace_bridge","qdesn_rhs_independent_vb","AL","independent","forecast","dgp_integrated_acrps","Forecast DGP-integrated aCRPS",0.322807422002477,0.322686305957584,0.320972347955004,0.325311435493564,8000,8,1000,0.318365329945947,0.320960420141254,10,0,5940,17819001,"a96200a0dfdb0ad3506f99e737cce75b5f71d68c662a2ee1484376d44ebef624",,"Independent Q--DESN (AL--RHS)","Laplace innovations"
"laplace_bridge","joint_exqdesn_rhs_vb","exAL","joint","forecast","dgp_integrated_acrps","Forecast DGP-integrated aCRPS",0.322037318840475,0.321788004530861,0.320134446811195,0.325421645185452,8000,8,1000,0.318365329945947,0.320206224044576,0,0,5940,17819001,"a96200a0dfdb0ad3506f99e737cce75b5f71d68c662a2ee1484376d44ebef624",,"Joint exQDESN (exAL--RHS)","Laplace innovations"
"laplace_bridge","exqdesn_rhs_independent_vb","exAL","independent","forecast","dgp_integrated_acrps","Forecast DGP-integrated aCRPS",0.323118854220114,0.322704273326781,0.32059672380963,0.328177441894328,8000,8,1000,0.318365329945947,0.319866809285615,0,0,5940,17819001,"a96200a0dfdb0ad3506f99e737cce75b5f71d68c662a2ee1484376d44ebef624",,"Independent exQDESN (exAL--RHS)","Laplace innovations"
"nonlinear_reservoir_friendly","joint_qdesn_rhs_vb","AL","joint","forecast","dgp_integrated_acrps","Forecast DGP-integrated aCRPS",0.427281355156127,0.427158770250065,0.424681131860797,0.430525625342171,8000,8,1000,0.420366510793236,0.425172383850454,0,0,5940,17819001,"a96200a0dfdb0ad3506f99e737cce75b5f71d68c662a2ee1484376d44ebef624",,"Joint Q--DESN (AL--RHS)","Nonlinear reservoir dynamics"
"nonlinear_reservoir_friendly","qdesn_rhs_independent_vb","AL","independent","forecast","dgp_integrated_acrps","Forecast DGP-integrated aCRPS",0.428456530963533,0.428308106357084,0.425391239694707,0.432341094772905,8000,8,1000,0.420366510793236,0.425446739494555,1,0,5940,17819001,"a96200a0dfdb0ad3506f99e737cce75b5f71d68c662a2ee1484376d44ebef624",,"Independent Q--DESN (AL--RHS)","Nonlinear reservoir dynamics"
"nonlinear_reservoir_friendly","joint_exqdesn_rhs_vb","exAL","joint","forecast","dgp_integrated_acrps","Forecast DGP-integrated aCRPS",0.429313242968698,0.429080631063735,0.425765269687944,0.434221505413579,8000,8,1000,0.420366510793236,0.426929976849092,0,0,5940,17819001,"a96200a0dfdb0ad3506f99e737cce75b5f71d68c662a2ee1484376d44ebef624",,"Joint exQDESN (exAL--RHS)","Nonlinear reservoir dynamics"
"nonlinear_reservoir_friendly","exqdesn_rhs_independent_vb","exAL","independent","forecast","dgp_integrated_acrps","Forecast DGP-integrated aCRPS",0.430238999184445,0.430002975032108,0.426208888436799,0.435586780651562,8000,8,1000,0.420366510793236,0.426426166103889,0,0,5940,17819001,"a96200a0dfdb0ad3506f99e737cce75b5f71d68c662a2ee1484376d44ebef624",,"Independent exQDESN (exAL--RHS)","Nonlinear reservoir dynamics"
"normal_bridge","joint_qdesn_rhs_vb","AL","joint","forecast","dgp_integrated_acrps","Forecast DGP-integrated aCRPS",0.310095568091147,0.309880029576911,0.307950376706533,0.313476285009436,8000,8,1000,0.305650768330176,0.308334434151693,0,0,5940,17819001,"a96200a0dfdb0ad3506f99e737cce75b5f71d68c662a2ee1484376d44ebef624",,"Joint Q--DESN (AL--RHS)","Gaussian innovations"
"normal_bridge","qdesn_rhs_independent_vb","AL","independent","forecast","dgp_integrated_acrps","Forecast DGP-integrated aCRPS",0.310849754044041,0.310641543580293,0.308441277714184,0.314400234767945,8000,8,1000,0.305650768330176,0.308621181841308,1,0,5940,17819001,"a96200a0dfdb0ad3506f99e737cce75b5f71d68c662a2ee1484376d44ebef624",,"Independent Q--DESN (AL--RHS)","Gaussian innovations"
"normal_bridge","joint_exqdesn_rhs_vb","exAL","joint","forecast","dgp_integrated_acrps","Forecast DGP-integrated aCRPS",0.311861004505202,0.311395132654192,0.3084117069264,0.317901350592624,8000,8,1000,0.305650768330176,0.309567699148495,0,0,5940,17819001,"a96200a0dfdb0ad3506f99e737cce75b5f71d68c662a2ee1484376d44ebef624",,"Joint exQDESN (exAL--RHS)","Gaussian innovations"
"normal_bridge","exqdesn_rhs_independent_vb","exAL","independent","forecast","dgp_integrated_acrps","Forecast DGP-integrated aCRPS",0.311988992226769,0.311648318049873,0.308700202293495,0.317301314282896,8000,8,1000,0.305650768330176,0.308946586631321,0,0,5940,17819001,"a96200a0dfdb0ad3506f99e737cce75b5f71d68c662a2ee1484376d44ebef624",,"Independent exQDESN (exAL--RHS)","Gaussian innovations"
"persistent_heavy_tail","joint_qdesn_rhs_vb","AL","joint","forecast","dgp_integrated_acrps","Forecast DGP-integrated aCRPS",0.364425109647277,0.364243754461716,0.36136351388518,0.368485705580954,8000,8,1000,0.356598860061317,0.362748957402307,0,0,5940,17819001,"a96200a0dfdb0ad3506f99e737cce75b5f71d68c662a2ee1484376d44ebef624",,"Joint Q--DESN (AL--RHS)","Persistent heavy tails"
"persistent_heavy_tail","qdesn_rhs_independent_vb","AL","independent","forecast","dgp_integrated_acrps","Forecast DGP-integrated aCRPS",0.363558707186034,0.363365375401658,0.360729190453782,0.367473815663084,8000,8,1000,0.356598860061317,0.361033448846285,0,0,5940,17819001,"a96200a0dfdb0ad3506f99e737cce75b5f71d68c662a2ee1484376d44ebef624",,"Independent Q--DESN (AL--RHS)","Persistent heavy tails"
"persistent_heavy_tail","joint_exqdesn_rhs_vb","exAL","joint","forecast","dgp_integrated_acrps","Forecast DGP-integrated aCRPS",0.364307941635654,0.363944513141461,0.360816959738861,0.369757536175995,8000,8,1000,0.356598860061317,0.362248283819629,0,0,5940,17819001,"a96200a0dfdb0ad3506f99e737cce75b5f71d68c662a2ee1484376d44ebef624",,"Joint exQDESN (exAL--RHS)","Persistent heavy tails"
"persistent_heavy_tail","exqdesn_rhs_independent_vb","exAL","independent","forecast","dgp_integrated_acrps","Forecast DGP-integrated aCRPS",0.362918110418068,0.36261428312498,0.360051626302755,0.36772673386902,8000,8,1000,0.356598860061317,0.360022440398076,0,0,5940,17819001,"a96200a0dfdb0ad3506f99e737cce75b5f71d68c662a2ee1484376d44ebef624",,"Independent exQDESN (exAL--RHS)","Persistent heavy tails"
"regime_shift","joint_qdesn_rhs_vb","AL","joint","forecast","dgp_integrated_acrps","Forecast DGP-integrated aCRPS",0.436914516942461,0.434879958556654,0.426441631357576,0.458659321857868,8000,8,1000,0.423545742369814,0.433315179484623,0,0,5940,17819001,"a96200a0dfdb0ad3506f99e737cce75b5f71d68c662a2ee1484376d44ebef624",,"Joint Q--DESN (AL--RHS)","Regime shift"
"regime_shift","qdesn_rhs_independent_vb","AL","independent","forecast","dgp_integrated_acrps","Forecast DGP-integrated aCRPS",0.431083091504623,0.430035578165075,0.426332686390603,0.441652286587046,8000,8,1000,0.423545742369814,0.427110425477525,5,0,5940,17819001,"a96200a0dfdb0ad3506f99e737cce75b5f71d68c662a2ee1484376d44ebef624",,"Independent Q--DESN (AL--RHS)","Regime shift"
"regime_shift","joint_exqdesn_rhs_vb","exAL","joint","forecast","dgp_integrated_acrps","Forecast DGP-integrated aCRPS",0.43940908015761,0.437242946623993,0.426935239139546,0.463938351685912,8000,8,1000,0.423545742369814,0.435669062943379,0,0,5940,17819001,"a96200a0dfdb0ad3506f99e737cce75b5f71d68c662a2ee1484376d44ebef624",,"Joint exQDESN (exAL--RHS)","Regime shift"
"regime_shift","exqdesn_rhs_independent_vb","exAL","independent","forecast","dgp_integrated_acrps","Forecast DGP-integrated aCRPS",0.431461958088566,0.430359308142528,0.42639202304072,0.442593940013793,8000,8,1000,0.423545742369814,0.426664487558861,0,0,5940,17819001,"a96200a0dfdb0ad3506f99e737cce75b5f71d68c662a2ee1484376d44ebef624",,"Independent exQDESN (exAL--RHS)","Regime shift"
"student_t_location_scale","joint_qdesn_rhs_vb","AL","joint","forecast","dgp_integrated_acrps","Forecast DGP-integrated aCRPS",0.336185778248707,0.335921114667641,0.334308438154886,0.339516818184849,8000,8,1000,0.33265441785099,0.334416557785495,0,0,5940,17819001,"a96200a0dfdb0ad3506f99e737cce75b5f71d68c662a2ee1484376d44ebef624",,"Joint Q--DESN (AL--RHS)","Student-t location-scale"
"student_t_location_scale","qdesn_rhs_independent_vb","AL","independent","forecast","dgp_integrated_acrps","Forecast DGP-integrated aCRPS",0.336798056828395,0.336605538991591,0.334889903140326,0.33980485160061,8000,8,1000,0.33265441785099,0.334497530527167,2,0,5940,17819001,"a96200a0dfdb0ad3506f99e737cce75b5f71d68c662a2ee1484376d44ebef624",,"Independent Q--DESN (AL--RHS)","Student-t location-scale"
"student_t_location_scale","joint_exqdesn_rhs_vb","exAL","joint","forecast","dgp_integrated_acrps","Forecast DGP-integrated aCRPS",0.337734206102995,0.337181448885213,0.334647201946397,0.344079747083795,8000,8,1000,0.33265441785099,0.335534743111328,0,0,5940,17819001,"a96200a0dfdb0ad3506f99e737cce75b5f71d68c662a2ee1484376d44ebef624",,"Joint exQDESN (exAL--RHS)","Student-t location-scale"
"student_t_location_scale","exqdesn_rhs_independent_vb","exAL","independent","forecast","dgp_integrated_acrps","Forecast DGP-integrated aCRPS",0.337153672423912,0.33686427768506,0.334800831650966,0.341335210605844,8000,8,1000,0.33265441785099,0.334202528987623,0,0,5940,17819001,"a96200a0dfdb0ad3506f99e737cce75b5f71d68c662a2ee1484376d44ebef624",,"Independent exQDESN (exAL--RHS)","Student-t location-scale"
